symbol,strategy,direction,regime,opened_at,closed_at,signal_score,entry_stages_filled,planned_capital_krw,used_capital_krw,total_notional_krw,average_entry,net_pnl_krw,gross_pnl_krw,fees_krw,slippage_krw,return_on_used_capital_pct,exit_reason,bars_held,cost_scenario
BTCUSDT,CURRENT_IMPROVED_SPLIT,LONG,BULL,2026-06-16 10:00:00+00:00,2026-06-16 13:00:00+00:00,90,1,30000,12000.0,60000.0,66582.02345000001,-538.1777872655068,-394.6513689081966,143.52641835731015,179.4075386480268,-4.484814893879223,STOP,13,CONSERVATIVE
BTCUSDT,CURRENT_IMPROVED_SPLIT,SHORT,BEAR,2026-06-19 12:45:00+00:00,2026-06-19 12:45:00+00:00,85,1,30000,12000.0,60000.0,62386.4797,-530.5546030400492,-386.09129348786377,144.46330955218542,180.57867453683383,-4.421288358667077,STOP,1,CONSERVATIVE
BTCUSDT,CURRENT_IMPROVED_SPLIT,SHORT,BEAR,2026-06-23 19:45:00+00:00,2026-06-23 22:00:00+00:00,85,1,30000,12000.0,60000.0,62181.28795,-700.420992109288,-555.7540872046425,144.66690490464555,180.83278755788763,-5.836841600910733,STOP,10,CONSERVATIVE
BTCUSDT,CURRENT_IMPROVED_SPLIT,SHORT,BEAR,2026-06-30 12:00:00+00:00,2026-06-30 14:00:00+00:00,85,1,30000,12000.0,60000.0,59082.4432,259.50494270793376,403.0213171273809,143.51637441944712,179.39677846502101,2.1625411892327815,STOP,9,CONSERVATIVE
BTCUSDT,CURRENT_IMPROVED_SPLIT,SHORT,BEAR,2026-07-01 10:30:00+00:00,2026-07-01 13:45:00+00:00,85,1,30000,12000.0,60000.0,58631.82015000001,-678.2805848700855,-533.6402166101533,144.6403682599322,180.79966643367368,-5.652338207250712,STOP,14,CONSERVATIVE
BTCUSDT,CURRENT_IMPROVED_SPLIT,LONG,BULL,2026-07-06 19:15:00+00:00,2026-07-06 23:15:00+00:00,90,1,30000,12000.0,60000.0,63812.37520000001,145.53385802697628,289.8817160862798,144.34785805930352,180.43588078872534,1.2127821502248024,STOP,17,CONSERVATIVE
BTCUSDT,CURRENT_IMPROVED_SPLIT,LONG,BULL,2026-07-07 18:45:00+00:00,2026-07-07 19:00:00+00:00,85,1,30000,12000.0,60000.0,64156.090000000004,-737.0905567472707,-593.803120491861,143.28743625540977,179.1083622560551,-6.142421306227256,STOP,2,CONSERVATIVE
BTCUSDT,CURRENT_IMPROVED_SPLIT,LONG,BULL,2026-07-09 21:15:00+00:00,2026-07-10 00:30:00+00:00,95,1,30000,12000.0,60000.0,63380.22795000001,-584.8317678935477,-441.3614015754383,143.47036631810946,179.33736834356458,-4.873598065779564,STOP,14,CONSERVATIVE
BTCUSDT,CURRENT_IMPROVED_SPLIT,LONG,BULL,2026-07-15 07:15:00+00:00,2026-07-15 07:15:00+00:00,100,1,30000,12000.0,60000.0,64941.36615,-583.050467868135,-439.57796142184117,143.47250644629378,179.34004752256016,-4.858753898901124,STOP,1,CONSERVATIVE
BTCUSDT,CURRENT_IMPROVED_SPLIT,LONG,BULL,2026-07-20 01:45:00+00:00,2026-07-20 05:00:00+00:00,90,1,30000,12000.0,60000.0,64832.3028,-678.4676668810968,-535.1097986394641,143.35786824163262,179.19653449719635,-5.65389722400914,STOP,13,CONSERVATIVE
ETHUSDT,CURRENT_IMPROVED_SPLIT,LONG,BULL,2026-06-16 11:45:00+00:00,2026-06-16 13:00:00+00:00,100,1,30000,12000.0,60000.0,1798.0029650000001,182.04916445599574,326.4408935282296,144.3917290722339,180.49080193660996,1.5170763704666312,STOP,6,CONSERVATIVE
ETHUSDT,CURRENT_IMPROVED_SPLIT,LONG,BULL,2026-06-16 20:00:00+00:00,2026-06-17 08:15:00+00:00,90,1,30000,12000.0,60000.0,1797.3519900000001,-964.740399051334,-821.7264708163135,143.01392823502042,178.7659636326339,-8.039503325427782,STOP,50,CONSERVATIVE
ETHUSDT,CURRENT_IMPROVED_SPLIT,LONG,BULL,2026-06-21 00:45:00+00:00,2026-06-21 04:45:00+00:00,85,1,30000,12000.0,60000.0,1739.9960850000002,-537.8663369257764,-394.3395443790312,143.52679254674516,179.40800708747517,-4.48221947438147,STOP,17,CONSERVATIVE
ETHUSDT,CURRENT_IMPROVED_SPLIT,SHORT,BEAR,2026-06-28 02:30:00+00:00,2026-06-28 08:30:00+00:00,85,1,30000,12000.0,60000.0,1568.5136949999999,-639.9689697653916,-495.3745203409825,144.59444942440916,180.74235385813807,-5.333074748044931,STOP,25,CONSERVATIVE
ETHUSDT,CURRENT_IMPROVED_SPLIT,SHORT,BEAR,2026-06-30 21:15:00+00:00,2026-07-01 01:30:00+00:00,85,1,30000,12000.0,60000.0,1569.651985,-750.8241390228926,-606.09682283549,144.72731618740258,180.90818855983315,-6.256867825190772,STOP,18,CONSERVATIVE
ETHUSDT,CURRENT_IMPROVED_SPLIT,LONG,BULL,2026-07-03 03:30:00+00:00,2026-07-04 01:00:00+00:00,85,1,30000,12000.0,60000.0,1712.90551,1075.2973751997495,1220.7622899476867,145.46491474793723,181.83429927724865,8.960811459997913,STOP,86,CONSERVATIVE
ETHUSDT,CURRENT_IMPROVED_SPLIT,LONG,BULL,2026-07-04 06:00:00+00:00,2026-07-04 13:30:00+00:00,90,1,30000,12000.0,60000.0,1757.85283,107.7049626934624,252.0073715393096,144.30240884584717,180.37898392660355,0.8975413557788534,STOP,31,CONSERVATIVE
ETHUSDT,CURRENT_IMPROVED_SPLIT,LONG,BULL,2026-07-04 18:45:00+00:00,2026-07-04 23:00:00+00:00,90,1,30000,12000.0,60000.0,1795.8597550000002,-812.1757100714495,-668.9784842525526,143.19722581889692,178.99542981175068,-6.76813091726208,STOP,18,CONSERVATIVE
ETHUSDT,CURRENT_IMPROVED_SPLIT,LONG,BULL,2026-07-05 16:30:00+00:00,2026-07-05 22:45:00+00:00,90,1,30000,12000.0,60000.0,1772.965465,424.0700524190397,568.7525554856225,144.68250306658274,180.85481544981184,3.533917103491998,STOP,26,CONSERVATIVE
ETHUSDT,CURRENT_IMPROVED_SPLIT,LONG,BULL,2026-07-06 01:00:00+00:00,2026-07-06 03:15:00+00:00,85,1,30000,12000.0,60000.0,1795.0886000000003,-905.8002406034869,-762.7154992025299,143.08474140095694,178.8546130642027,-7.548335338362391,STOP,10,CONSERVATIVE
ETHUSDT,CURRENT_IMPROVED_SPLIT,LONG,BULL,2026-07-06 19:15:00+00:00,2026-07-06 22:45:00+00:00,90,1,30000,12000.0,60000.0,1797.11163,187.6787389131932,332.07723159110253,144.3984926779093,180.49926914451282,1.5639894909432766,STOP,15,CONSERVATIVE
ETHUSDT,CURRENT_IMPROVED_SPLIT,LONG,BULL,2026-07-07 18:45:00+00:00,2026-07-07 18:45:00+00:00,85,1,30000,12000.0,60000.0,1806.555775,-833.7727677461351,-690.6014895335753,143.17127821255968,178.96294657897798,-6.948106397884459,STOP,1,CONSERVATIVE
ETHUSDT,CURRENT_IMPROVED_SPLIT,LONG,BULL,2026-07-10 13:45:00+00:00,2026-07-10 14:15:00+00:00,85,1,30000,12000.0,60000.0,1803.48117,-649.5419509188046,-506.1493301149425,143.3926208038621,179.24004045892218,-5.412849590990039,STOP,3,CONSERVATIVE
ETHUSDT,CURRENT_IMPROVED_SPLIT,LONG,BULL,2026-07-15 11:45:00+00:00,2026-07-15 13:15:00+00:00,85,2,30000,21000.0,105000.0,1888.3065998474208,1433.636287690539,1687.6614814683007,254.02519377776196,317.53600391654834,6.826839465193042,TP3_4.0R,7,CONSERVATIVE
ETHUSDT,CURRENT_IMPROVED_SPLIT,LONG,BULL,2026-07-20 01:30:00+00:00,2026-07-20 05:00:00+00:00,100,1,30000,12000.0,60000.0,1882.73988,-940.9182717532933,-797.8757226204378,143.04254913285547,178.80179349972468,-7.840985597944111,STOP,14,CONSERVATIVE
ETHUSDT,CURRENT_IMPROVED_SPLIT,LONG,BULL,2026-07-20 19:00:00+00:00,2026-07-20 19:15:00+00:00,90,1,30000,12000.0,60000.0,1901.3878100000002,-620.5669905973369,-477.13955806701733,143.42743253031958,179.28362048704008,-5.171391588311141,STOP,2,CONSERVATIVE
ETHUSDT,CURRENT_IMPROVED_SPLIT,LONG,BULL,2026-07-22 05:00:00+00:00,2026-07-22 05:15:00+00:00,85,1,30000,12000.0,60000.0,1938.5434600000003,-641.5135544246812,-498.1112879702454,143.4022664544357,179.25211563491195,-5.345946286872343,STOP,2,CONSERVATIVE
SOLUSDT,CURRENT_IMPROVED_SPLIT,LONG,BULL,2026-06-16 10:15:00+00:00,2026-06-16 13:00:00+00:00,90,1,30000,12000.0,60000.0,74.89617600000001,-859.1261705574937,-715.985352981071,143.1408175764227,178.92481358431783,-7.15938475464578,STOP,12,CONSERVATIVE
SOLUSDT,CURRENT_IMPROVED_SPLIT,LONG,BULL,2026-06-21 07:15:00+00:00,2026-06-21 08:15:00+00:00,85,1,30000,12000.0,60000.0,73.4209665,-633.5467408016809,-490.13490268490284,143.4118381167781,179.264098186663,-5.279556173347341,STOP,5,CONSERVATIVE
SOLUSDT,CURRENT_IMPROVED_SPLIT,LONG,BULL,2026-06-22 05:15:00+00:00,2026-06-22 14:45:00+00:00,85,1,30000,12000.0,60000.0,74.20413950000001,-1006.9655836817511,-864.0023865456059,142.96319713614525,178.70245449533513,-8.391379864014594,STOP,39,CONSERVATIVE
SOLUSDT,CURRENT_IMPROVED_SPLIT,SHORT,BEAR,2026-06-26 03:30:00+00:00,2026-06-26 03:45:00+00:00,85,1,23400,9360.0,46800.0,66.6998,-1130.7775142838368,-1017.2368300877316,113.54068419610527,141.92388579101248,-12.080956349186291,STOP,2,CONSERVATIVE
SOLUSDT,CURRENT_IMPROVED_SPLIT,LONG,BULL,2026-06-28 12:45:00+00:00,2026-06-28 17:30:00+00:00,90,1,30000,12000.0,60000.0,71.90068950000001,-900.6375332100818,-757.5465891170222,143.09094409305956,178.86237807685416,-7.5053127767506815,STOP,20,CONSERVATIVE
SOLUSDT,CURRENT_IMPROVED_SPLIT,LONG,BULL,2026-07-01 00:00:00+00:00,2026-07-01 01:00:00+00:00,85,1,30000,12000.0,60000.0,73.73343450000002,-741.4527125125646,-598.1705171331243,143.28219537944022,179.10180131969466,-6.178772604271372,STOP,5,CONSERVATIVE
SOLUSDT,CURRENT_IMPROVED_SPLIT,LONG,BULL,2026-07-02 04:30:00+00:00,2026-07-02 10:45:00+00:00,90,1,30000,12000.0,60000.0,78.36837650000001,1756.7643121978979,1903.0479697616117,146.28365756371392,182.85926524592327,14.639702601649148,TP3_4.0R,26,CONSERVATIVE
SOLUSDT,CURRENT_IMPROVED_SPLIT,LONG,BULL,2026-07-03 02:30:00+00:00,2026-07-03 03:00:00+00:00,90,1,30000,12000.0,60000.0,81.2226515,-816.6745801804349,-673.482759491825,143.19182068860982,178.98866324904486,-6.805621501503624,STOP,3,CONSERVATIVE
SOLUSDT,CURRENT_IMPROVED_SPLIT,LONG,BULL,2026-07-03 21:30:00+00:00,2026-07-04 06:15:00+00:00,90,1,30000,12000.0,60000.0,82.469519,210.91508535776774,355.3414951519501,144.42640979418235,180.53421796308157,1.7576257113147313,STOP,36,CONSERVATIVE
SOLUSDT,CURRENT_IMPROVED_SPLIT,LONG,BULL,2026-07-04 18:30:00+00:00,2026-07-04 19:00:00+00:00,90,1,30000,12000.0,60000.0,82.3843915,-669.9706404633679,-526.6025635396154,143.36807692375245,179.20931451988275,-5.583088670528066,STOP,3,CONSERVATIVE
SOLUSDT,CURRENT_IMPROVED_SPLIT,LONG,BULL,2026-07-07 00:30:00+00:00,2026-07-07 02:00:00+00:00,85,1,30000,12000.0,60000.0,82.41643950000001,-715.6522555471378,-572.3390624220442,143.31319312509356,179.14060670983676,-5.963768796226148,STOP,7,CONSERVATIVE
SOLUSDT,CURRENT_IMPROVED_SPLIT,SHORT,BEAR,2026-07-13 05:15:00+00:00,2026-07-13 08:45:00+00:00,90,1,30000,12000.0,60000.0,76.1605875,-646.8335810397665,-502.2309039550205,144.602677084746,180.75262302980204,-5.390279841998054,STOP,15,CONSERVATIVE
SOLUSDT,CURRENT_IMPROVED_SPLIT,SHORT,BEAR,2026-07-16 16:45:00+00:00,2026-07-17 13:45:00+00:00,95,2,30000,21000.0,105000.0,75.65553396386488,1850.0938890110874,2099.5743997314094,249.48051072032231,311.85606411895793,8.809970900052798,STOP,85,CONSERVATIVE
SOLUSDT,CURRENT_IMPROVED_SPLIT,LONG,BULL,2026-07-21 14:15:00+00:00,2026-07-21 14:15:00+00:00,90,1,30000,12000.0,60000.0,78.54764500000002,-624.3089711886321,-480.8860344299481,143.42293675868405,179.27799233027002,-5.202574759905267,STOP,1,CONSERVATIVE
XRPUSDT,CURRENT_IMPROVED_SPLIT,LONG,BULL,2026-06-16 09:30:00+00:00,2026-06-16 13:30:00+00:00,90,2,30000,21000.0,105000.0,1.243385831700898,-1792.3243945145946,-1542.1750045200185,250.14938999457598,312.6839711384021,-8.534878069117118,STOP,17,CONSERVATIVE
XRPUSDT,CURRENT_IMPROVED_SPLIT,SHORT,BEAR,2026-06-22 06:45:00+00:00,2026-06-22 07:15:00+00:00,85,1,30000,12000.0,60000.0,1.1297029,-714.7823277063347,-570.0982098545094,144.68411785182542,180.85427151591728,-5.95651939755279,STOP,3,CONSERVATIVE
XRPUSDT,CURRENT_IMPROVED_SPLIT,SHORT,BEAR,2026-06-24 07:00:00+00:00,2026-06-24 11:45:00+00:00,95,1,30000,12000.0,60000.0,1.10004745,405.4623706967776,548.8038061294222,143.3414354326447,179.17843225084687,3.378853089139813,STOP,20,CONSERVATIVE
XRPUSDT,CURRENT_IMPROVED_SPLIT,SHORT,BEAR,2026-06-25 13:00:00+00:00,2026-06-25 14:00:00+00:00,90,1,30000,12000.0,60000.0,1.0725887,1257.9019920892792,1400.2217260180578,142.3197339287783,177.9032181921016,10.482516600743994,STOP,5,CONSERVATIVE
XRPUSDT,CURRENT_IMPROVED_SPLIT,SHORT,BEAR,2026-06-26 12:30:00+00:00,2026-06-26 13:30:00+00:00,90,1,30000,12000.0,60000.0,1.02735665,211.01527576205018,354.5897680404017,143.5744922783515,179.46931698087587,1.758460631350418,STOP,5,CONSERVATIVE
XRPUSDT,CURRENT_IMPROVED_SPLIT,SHORT,BEAR,2026-06-28 07:00:00+00:00,2026-06-28 07:30:00+00:00,90,1,30000,12000.0,60000.0,1.0426337,-645.6118385227421,-501.01062577181597,144.60121275092615,180.75079535404183,-5.380098654356185,STOP,3,CONSERVATIVE
XRPUSDT,CURRENT_IMPROVED_SPLIT,SHORT,BEAR,2026-06-28 19:45:00+00:00,2026-06-28 22:00:00+00:00,85,1,30000,12000.0,60000.0,1.0416352,-709.2983161522872,-564.620771226815,144.67754492547218,180.84606766376152,-5.9108193012690595,STOP,10,CONSERVATIVE
XRPUSDT,CURRENT_IMPROVED_SPLIT,LONG,BULL,2026-07-03 16:15:00+00:00,2026-07-03 20:00:00+00:00,90,1,30000,12000.0,60000.0,1.1158713000000002,805.2870382642157,950.4275513258067,145.14051306159095,181.4281880024089,6.710725318868464,STOP,16,CONSERVATIVE
XRPUSDT,CURRENT_IMPROVED_SPLIT,LONG,BULL,2026-07-04 03:15:00+00:00,2026-07-04 05:00:00+00:00,85,1,30000,12000.0,60000.0,1.13720325,96.20434659161926,240.4929381173601,144.28859152574083,180.3616863300791,0.8017028882634938,STOP,8,CONSERVATIVE
XRPUSDT,CURRENT_IMPROVED_SPLIT,LONG,BULL,2026-07-04 09:15:00+00:00,2026-07-04 19:45:00+00:00,85,2,30000,21000.0,105000.0,1.147810783284162,1589.057293221345,1843.2692162808817,254.21192305953707,317.76976616213904,7.566939491530214,STOP,43,CONSERVATIVE
XRPUSDT,CURRENT_IMPROVED_SPLIT,LONG,BULL,2026-07-06 00:45:00+00:00,2026-07-06 03:15:00+00:00,85,1,30000,12000.0,60000.0,1.15502995,-946.9738461350271,-803.9385724219334,143.03527371309366,178.79268556312093,-7.891448717791892,STOP,11,CONSERVATIVE
XRPUSDT,CURRENT_IMPROVED_SPLIT,LONG,BULL,2026-07-06 19:15:00+00:00,2026-07-06 21:15:00+00:00,90,1,30000,12000.0,60000.0,1.14761885,150.61723728518666,294.9712027284608,144.35396544327415,180.4435264872297,1.2551436440432222,STOP,9,CONSERVATIVE
XRPUSDT,CURRENT_IMPROVED_SPLIT,SHORT,BEAR,2026-07-13 12:15:00+00:00,2026-07-13 14:00:00+00:00,85,1,30000,12000.0,60000.0,1.0749851000000001,76.34217247990294,220.0780787853605,143.73590630545755,179.67078231675237,0.6361847706658579,STOP,8,CONSERVATIVE
DOGEUSDT,CURRENT_IMPROVED_SPLIT,SHORT,BEAR,2026-06-19 06:45:00+00:00,2026-06-19 13:45:00+00:00,95,1,30000,12000.0,60000.0,0.08241619,-760.9496332470792,-616.2101810298434,144.7394522172358,180.92333587614348,-6.34124694372566,STOP,29,CONSERVATIVE
DOGEUSDT,CURRENT_IMPROVED_SPLIT,SHORT,BEAR,2026-06-23 13:30:00+00:00,2026-06-23 13:30:00+00:00,85,1,30000,12000.0,60000.0,0.07900132,-707.8296487166243,-563.1538640797287,144.67578463689568,180.8438705986356,-5.898580405971869,STOP,1,CONSERVATIVE
DOGEUSDT,CURRENT_IMPROVED_SPLIT,SHORT,BEAR,2026-06-24 09:30:00+00:00,2026-06-24 11:45:00+00:00,90,1,30000,12000.0,60000.0,0.07864186000000001,-619.1875863753843,-474.6180447217182,144.56954165366605,180.71126577682227,-5.159896553128203,STOP,10,CONSERVATIVE
DOGEUSDT,CURRENT_IMPROVED_SPLIT,SHORT,BEAR,2026-06-26 12:30:00+00:00,2026-06-26 13:45:00+00:00,90,1,30000,12000.0,60000.0,0.07370927000000001,-894.5587426356449,-749.6591516536605,144.89959098198437,181.1232095216106,-7.4546561886303735,STOP,6,CONSERVATIVE
DOGEUSDT,CURRENT_IMPROVED_SPLIT,SHORT,BEAR,2026-06-28 12:45:00+00:00,2026-06-28 23:15:00+00:00,85,2,30000,21000.0,105000.0,0.07324162634965976,267.12238454662116,518.5001843254306,251.37779977880948,314.22412335320615,1.2720113549839103,STOP,43,CONSERVATIVE
DOGEUSDT,CURRENT_IMPROVED_SPLIT,SHORT,BEAR,2026-06-30 04:00:00+00:00,2026-06-30 12:15:00+00:00,90,1,30000,12000.0,60000.0,0.072281415,943.721888357798,1086.4181865339574,142.69629817615925,178.37321850085928,7.864349069648316,TP3_4.0R,34,CONSERVATIVE
DOGEUSDT,CURRENT_IMPROVED_SPLIT,SHORT,BEAR,2026-07-01 09:45:00+00:00,2026-07-01 13:30:00+00:00,95,1,30000,12000.0,60000.0,0.07126294500000001,-748.8868126373745,-604.1618184552283,144.72499418214625,180.905290400495,-6.240723438644788,STOP,16,CONSERVATIVE
DOGEUSDT,CURRENT_IMPROVED_SPLIT,SHORT,BEAR,2026-07-08 15:45:00+00:00,2026-07-08 16:30:00+00:00,90,1,30000,12000.0,60000.0,0.07154252500000001,-898.107028691919,-753.2031848700749,144.90384382184408,181.12851760929863,-7.484225239099325,STOP,4,CONSERVATIVE
DOGEUSDT,CURRENT_IMPROVED_SPLIT,SHORT,BEAR,2026-07-09 13:30:00+00:00,2026-07-09 15:00:00+00:00,85,1,30000,12000.0,60000.0,0.072201535,-679.0176340240416,-534.3763823652034,144.64125165883823,180.80076902842717,-5.65848028353368,STOP,7,CONSERVATIVE
DOGEUSDT,CURRENT_IMPROVED_SPLIT,SHORT,BEAR,2026-07-13 13:45:00+00:00,2026-07-13 14:15:00+00:00,90,1,30000,12000.0,60000.0,0.07193194000000001,-649.212850682959,-504.60732189668295,144.605528786276,180.75618231777545,-5.410107089024659,STOP,3,CONSERVATIVE
DOGEUSDT,CURRENT_IMPROVED_SPLIT,SHORT,BEAR,2026-07-16 19:45:00+00:00,2026-07-17 10:00:00+00:00,85,2,30000,21000.0,105000.0,0.07288944837081734,1201.6808343074556,1451.9385080977386,250.25767379028272,312.8260629581382,5.7222896871783595,STOP,58,CONSERVATIVE
DOGEUSDT,CURRENT_IMPROVED_SPLIT,SHORT,BEAR,2026-07-24 04:15:00+00:00,2026-07-24 07:15:00+00:00,85,1,30000,12000.0,60000.0,0.069046275,-624.9026042597519,-480.3262128043866,144.57639145536527,180.71981520481498,-5.207521702164599,STOP,12,CONSERVATIVE
DOGEUSDT,CURRENT_IMPROVED_SPLIT,SHORT,BEAR,2026-07-24 15:15:00+00:00,2026-07-24 22:45:00+00:00,90,1,30000,12000.0,60000.0,0.06885656,-919.9615069302747,-775.0314691672739,144.9300377630007,181.16121099567545,-7.666345891085623,STOP,31,CONSERVATIVE
BTCUSDT,CURRENT_IMPROVED_SPLIT,LONG,BULL,2026-06-16 09:45:00+00:00,2026-06-16 13:00:00+00:00,95,1,30000,12000.0,60000.0,66707.53709999999,-494.23923518731243,-422.49273082580794,71.7465043615045,59.788662958554575,-4.118660293227603,STOP,14,LOWER_FRICTION_SENSITIVITY
BTCUSDT,CURRENT_IMPROVED_SPLIT,SHORT,BEAR,2026-06-19 12:30:00+00:00,2026-06-19 12:45:00+00:00,85,1,30000,12000.0,60000.0,62498.834950000004,-288.8874970108961,-216.75744254536886,72.13005446552722,60.10833955898731,-2.407395808424134,STOP,2,LOWER_FRICTION_SENSITIVITY
BTCUSDT,CURRENT_IMPROVED_SPLIT,SHORT,BEAR,2026-06-23 18:30:00+00:00,2026-06-24 00:00:00+00:00,85,1,30000,12000.0,60000.0,62290.839,-585.296818771549,-512.9890253563352,72.30779341521381,60.25638132951333,-4.877473489762909,STOP,23,LOWER_FRICTION_SENSITIVITY
BTCUSDT,CURRENT_IMPROVED_SPLIT,SHORT,BEAR,2026-06-26 03:30:00+00:00,2026-06-26 03:45:00+00:00,90,1,30000,12000.0,60000.0,59038.6659,-922.8747050821352,-850.364486390301,72.51021869183418,60.424984758312974,-7.690622542351126,STOP,2,LOWER_FRICTION_SENSITIVITY
BTCUSDT,CURRENT_IMPROVED_SPLIT,SHORT,BEAR,2026-06-28 22:00:00+00:00,2026-06-28 22:00:00+00:00,85,1,30000,12000.0,60000.0,59396.8867,-476.90476526152054,-404.6619680806721,72.2427971808484,60.20224486910207,-3.974206377179338,STOP,1,LOWER_FRICTION_SENSITIVITY
BTCUSDT,CURRENT_IMPROVED_SPLIT,SHORT,BEAR,2026-06-30 12:00:00+00:00,2026-06-30 14:00:00+00:00,85,1,30000,12000.0,60000.0,59141.6144,386.8151907975061,458.5400667574516,71.72487595994554,59.77085954434881,3.223459923312551,STOP,9,LOWER_FRICTION_SENSITIVITY
BTCUSDT,CURRENT_IMPROVED_SPLIT,SHORT,BEAR,2026-07-01 10:30:00+00:00,2026-07-01 13:45:00+00:00,85,2,30000,21000.0,105000.0,58561.65664119807,-1154.222860768454,-1027.6062969902598,126.61656377819415,105.51357262530718,-5.496299336992639,STOP,14,LOWER_FRICTION_SENSITIVITY
BTCUSDT,CURRENT_IMPROVED_SPLIT,LONG,BULL,2026-07-04 00:15:00+00:00,2026-07-04 01:00:00+00:00,85,1,30000,12000.0,60000.0,62815.89225,-455.5982479857623,-383.82854511283006,71.7697028729323,59.808004722303025,-3.7966520665480195,STOP,4,LOWER_FRICTION_SENSITIVITY
BTCUSDT,CURRENT_IMPROVED_SPLIT,LONG,BULL,2026-07-06 19:15:00+00:00,2026-07-07 01:00:00+00:00,90,1,30000,12000.0,60000.0,63748.6584,159.0130997637546,231.15179083825757,72.13869107450296,60.11564871227385,1.3251091646979551,STOP,24,LOWER_FRICTION_SENSITIVITY
BTCUSDT,CURRENT_IMPROVED_SPLIT,LONG,BULL,2026-07-07 18:45:00+00:00,2026-07-07 19:00:00+00:00,85,1,30000,12000.0,60000.0,64092.03,-559.5527728429201,-487.8454801309988,71.7072927119214,59.7559702375508,-4.662939773691002,STOP,2,LOWER_FRICTION_SENSITIVITY
BTCUSDT,CURRENT_IMPROVED_SPLIT,LONG,BULL,2026-07-09 21:15:00+00:00,2026-07-10 00:30:00+00:00,95,1,30000,12000.0,60000.0,63316.94265,-393.93152346888974,-322.1247983478985,71.80672512099126,59.83887202933612,-3.282762695574081,STOP,14,LOWER_FRICTION_SENSITIVITY
BTCUSDT,CURRENT_IMPROVED_SPLIT,LONG,BULL,2026-07-11 00:30:00+00:00,2026-07-11 15:30:00+00:00,85,1,30000,12000.0,60000.0,64108.238099999995,60.10026984514799,132.179577591703,72.07930774655502,60.06613785022019,0.5008355820428999,STOP,61,LOWER_FRICTION_SENSITIVITY
BTCUSDT,CURRENT_IMPROVED_SPLIT,LONG,BULL,2026-07-11 21:30:00+00:00,2026-07-11 22:15:00+00:00,85,1,30000,12000.0,60000.0,64367.66774999999,-271.6913478616276,-199.81123460238905,71.88011325923856,59.90005940489412,-2.264094565513563,STOP,4,LOWER_FRICTION_SENSITIVITY
BTCUSDT,CURRENT_IMPROVED_SPLIT,LONG,BULL,2026-07-12 16:00:00+00:00,2026-07-12 21:45:00+00:00,85,1,30000,12000.0,60000.0,64180.374149999996,-319.88522976177796,-248.0340501918931,71.85117956988486,59.87593593536903,-2.6657102480148165,STOP,24,LOWER_FRICTION_SENSITIVITY
BTCUSDT,CURRENT_IMPROVED_SPLIT,LONG,BULL,2026-07-15 07:15:00+00:00,2026-07-15 07:15:00+00:00,100,1,30000,12000.0,60000.0,64876.52204999999,-402.2550403150716,-330.45331230245307,71.80172801261853,59.834705689189946,-3.3521253359589296,STOP,1,LOWER_FRICTION_SENSITIVITY
BTCUSDT,CURRENT_IMPROVED_SPLIT,LONG,BULL,2026-07-18 21:45:00+00:00,2026-07-19 11:45:00+00:00,90,1,30000,12000.0,60000.0,64648.808249999995,-313.73298564817316,-241.87811251568257,71.85487313249058,59.87901544395662,-2.6144415470681097,STOP,57,LOWER_FRICTION_SENSITIVITY
BTCUSDT,CURRENT_IMPROVED_SPLIT,LONG,BULL,2026-07-20 01:15:00+00:00,2026-07-20 05:00:00+00:00,100,1,30000,12000.0,60000.0,64810.7892,-542.4528709628154,-470.73531215010547,71.71755881270994,59.764529601225,-4.520440591356794,STOP,15,LOWER_FRICTION_SENSITIVITY
BTCUSDT,CURRENT_IMPROVED_SPLIT,LONG,BULL,2026-07-21 12:15:00+00:00,2026-07-21 15:30:00+00:00,85,1,30000,12000.0,60000.0,66397.48215,91.1150382862971,163.21296606593666,72.09792777963956,60.081662306680315,0.7592919857191425,STOP,14,LOWER_FRICTION_SENSITIVITY
BTCUSDT,CURRENT_IMPROVED_SPLIT,LONG,BULL,2026-07-21 23:45:00+00:00,2026-07-22 03:00:00+00:00,85,2,30000,21000.0,105000.0,66542.00209721753,-765.0138297396543,-639.3974682205867,125.61636151906762,104.6801675865639,-3.6429229987602585,STOP,14,LOWER_FRICTION_SENSITIVITY
ETHUSDT,CURRENT_IMPROVED_SPLIT,LONG,BULL,2026-06-16 11:30:00+00:00,2026-06-16 13:00:00+00:00,90,1,30000,12000.0,60000.0,1793.486295,678.0948594819085,750.5451865938649,72.45032711195631,60.3754753234584,5.650790495682571,STOP,7,LOWER_FRICTION_SENSITIVITY
ETHUSDT,CURRENT_IMPROVED_SPLIT,LONG,BULL,2026-06-16 19:15:00+00:00,2026-06-17 08:30:00+00:00,90,1,30000,12000.0,60000.0,1794.5168099999999,-866.98522519052,-795.4625026921353,71.52272249838472,59.60208478354434,-7.224876876587667,STOP,54,LOWER_FRICTION_SENSITIVITY
ETHUSDT,CURRENT_IMPROVED_SPLIT,LONG,BULL,2026-06-20 21:15:00+00:00,2026-06-21 08:30:00+00:00,90,1,30000,12000.0,60000.0,1735.28721,-475.8316028609966,-404.07404728937024,71.75755557162637,59.797876907303404,-3.9652633571749716,STOP,46,LOWER_FRICTION_SENSITIVITY
ETHUSDT,CURRENT_IMPROVED_SPLIT,SHORT,BEAR,2026-06-28 02:30:00+00:00,2026-06-28 08:30:00+00:00,85,2,30000,21000.0,105000.0,1566.613236264027,-1016.0296882463672,-889.4959906519761,126.53369759439119,105.44455198245595,-4.8382366106969865,STOP,25,LOWER_FRICTION_SENSITIVITY
ETHUSDT,CURRENT_IMPROVED_SPLIT,SHORT,BEAR,2026-06-29 02:15:00+00:00,2026-06-29 02:45:00+00:00,85,1,30000,12000.0,60000.0,1554.06258,-1021.3041305699438,-948.7348896361622,72.56924093378169,60.474145379625526,-8.510867754749531,STOP,3,LOWER_FRICTION_SENSITIVITY
ETHUSDT,CURRENT_IMPROVED_SPLIT,SHORT,BEAR,2026-06-30 21:15:00+00:00,2026-07-01 01:15:00+00:00,85,1,30000,12000.0,60000.0,1571.223995,176.15796936990867,248.0091638715857,71.85119450167704,59.87607238936695,1.4679830780825722,STOP,17,LOWER_FRICTION_SENSITIVITY
ETHUSDT,CURRENT_IMPROVED_SPLIT,LONG,BULL,2026-07-03 01:30:00+00:00,2026-07-03 14:00:00+00:00,90,1,30000,12000.0,60000.0,1708.9340399999999,932.1477419270075,1004.7505922823769,72.60285035536943,60.50264160944386,7.767897849391729,STOP,50,LOWER_FRICTION_SENSITIVITY
ETHUSDT,CURRENT_IMPROVED_SPLIT,LONG,BULL,2026-07-03 18:45:00+00:00,2026-07-04 01:00:00+00:00,95,1,30000,12000.0,60000.0,1739.38926,632.8355432187402,705.2586984378029,72.42315521906268,60.35282075209392,5.273629526822835,STOP,26,LOWER_FRICTION_SENSITIVITY
ETHUSDT,CURRENT_IMPROVED_SPLIT,LONG,BULL,2026-07-04 04:30:00+00:00,2026-07-04 17:00:00+00:00,90,2,30000,21000.0,105000.0,1757.389226486883,1139.5793958323113,1266.3391993519224,126.75980351961115,105.633512592839,5.426568551582435,STOP,51,LOWER_FRICTION_SENSITIVITY
ETHUSDT,CURRENT_IMPROVED_SPLIT,LONG,BULL,2026-07-05 16:30:00+00:00,2026-07-05 22:45:00+00:00,90,1,30000,12000.0,60000.0,1771.1951549999999,571.6877630511763,644.0742075757217,72.38644452454542,60.322213202887305,4.764064692093135,STOP,26,LOWER_FRICTION_SENSITIVITY
ETHUSDT,CURRENT_IMPROVED_SPLIT,LONG,BULL,2026-07-06 01:00:00+00:00,2026-07-06 03:30:00+00:00,85,1,30000,12000.0,60000.0,1793.2962,-775.6398406230181,-704.0622779898121,71.57756263320611,59.64780775738449,-6.463665338525152,STOP,11,LOWER_FRICTION_SENSITIVITY
ETHUSDT,CURRENT_IMPROVED_SPLIT,LONG,BULL,2026-07-06 19:00:00+00:00,2026-07-07 00:15:00+00:00,90,1,30000,12000.0,60000.0,1792.79595,302.4000378278153,374.62481271544453,72.22477488762927,60.18742110940772,2.520000315231794,STOP,22,LOWER_FRICTION_SENSITIVITY
ETHUSDT,CURRENT_IMPROVED_SPLIT,LONG,BULL,2026-07-07 18:45:00+00:00,2026-07-07 18:45:00+00:00,85,1,30000,12000.0,60000.0,1804.7519249999998,-643.5207475162155,-571.8638658357169,71.65688168049857,59.71394002959061,-5.362672895968462,STOP,1,LOWER_FRICTION_SENSITIVITY
ETHUSDT,CURRENT_IMPROVED_SPLIT,LONG,BULL,2026-07-10 13:45:00+00:00,2026-07-10 14:15:00+00:00,85,1,30000,12000.0,60000.0,1801.6803899999998,-458.810207087893,-387.04243254742147,71.76777454047155,59.806396974703546,-3.823418392399108,STOP,3,LOWER_FRICTION_SENSITIVITY
ETHUSDT,CURRENT_IMPROVED_SPLIT,LONG,BULL,2026-07-11 06:00:00+00:00,2026-07-11 15:30:00+00:00,85,1,30000,12000.0,60000.0,1799.349225,394.34300576957105,466.6229795573055,72.27997378773438,60.23344320387501,3.2861917147464252,STOP,39,LOWER_FRICTION_SENSITIVITY
ETHUSDT,CURRENT_IMPROVED_SPLIT,LONG,BULL,2026-07-12 14:30:00+00:00,2026-07-12 22:00:00+00:00,85,1,30000,12000.0,60000.0,1805.752425,92.86801708572116,164.96699728409163,72.09898019837046,60.08253976102405,0.7739001423810097,STOP,31,LOWER_FRICTION_SENSITIVITY
ETHUSDT,CURRENT_IMPROVED_SPLIT,LONG,BULL,2026-07-14 23:15:00+00:00,2026-07-15 01:30:00+00:00,85,1,30000,12000.0,60000.0,1886.8029299999998,-622.7615883256482,-551.0922436718513,71.66934465379688,59.72433103617828,-5.189679902713735,STOP,10,LOWER_FRICTION_SENSITIVITY
ETHUSDT,CURRENT_IMPROVED_SPLIT,LONG,BULL,2026-07-15 11:15:00+00:00,2026-07-15 13:15:00+00:00,85,2,30000,21000.0,105000.0,1886.6509376223341,1780.259302517756,1907.4037447646147,127.14444224685876,105.95420521185534,8.477425250084552,TP3_4.0R,9,LOWER_FRICTION_SENSITIVITY
ETHUSDT,CURRENT_IMPROVED_SPLIT,LONG,BULL,2026-07-16 05:30:00+00:00,2026-07-16 07:30:00+00:00,90,1,30000,12000.0,60000.0,1925.4622499999998,-481.78070061361063,-410.0267166435968,71.75398397001385,59.79489908371218,-4.014839171780089,STOP,9,LOWER_FRICTION_SENSITIVITY
ETHUSDT,CURRENT_IMPROVED_SPLIT,LONG,BULL,2026-07-19 07:30:00+00:00,2026-07-19 10:00:00+00:00,85,1,30000,12000.0,60000.0,1869.3442049999999,-270.73634149479454,-198.85565488772718,71.88068660706736,59.900537433769514,-2.256136179123288,STOP,11,LOWER_FRICTION_SENSITIVITY
ETHUSDT,CURRENT_IMPROVED_SPLIT,LONG,BULL,2026-07-20 01:30:00+00:00,2026-07-20 05:00:00+00:00,100,1,30000,12000.0,60000.0,1880.85996,-764.1659214518953,-692.5814703340958,71.58445111779955,59.65355103284832,-6.368049345432461,STOP,14,LOWER_FRICTION_SENSITIVITY
ETHUSDT,CURRENT_IMPROVED_SPLIT,LONG,BULL,2026-07-21 02:00:00+00:00,2026-07-21 10:45:00+00:00,90,1,30000,12000.0,60000.0,1907.4832649999998,700.9192959845167,773.3833259801047,72.46402999558806,60.38690010553831,5.840994133204306,STOP,36,LOWER_FRICTION_SENSITIVITY
ETHUSDT,CURRENT_IMPROVED_SPLIT,LONG,BULL,2026-07-21 14:00:00+00:00,2026-07-21 15:00:00+00:00,85,1,30000,12000.0,60000.0,1940.4097199999999,-569.8732010071856,-498.1721042697475,71.70109673743815,59.75080434253105,-4.748943341726546,STOP,5,LOWER_FRICTION_SENSITIVITY
ETHUSDT,CURRENT_IMPROVED_SPLIT,LONG,BULL,2026-07-22 05:00:00+00:00,2026-07-22 05:15:00+00:00,85,1,30000,12000.0,60000.0,1936.60782,-472.3993576619738,-400.6397415068779,71.75961615509587,59.79959491920259,-3.9366613138497817,STOP,2,LOWER_FRICTION_SENSITIVITY
SOLUSDT,CURRENT_IMPROVED_SPLIT,LONG,BULL,2026-06-16 10:00:00+00:00,2026-06-16 13:00:00+00:00,90,1,30000,12000.0,60000.0,74.835399,-750.8663946108976,-679.2739589862894,71.59243562460821,59.66020811706014,-6.257219955090814,STOP,13,LOWER_FRICTION_SENSITIVITY
SOLUSDT,CURRENT_IMPROVED_SPLIT,LONG,BULL,2026-06-20 18:30:00+00:00,2026-06-21 00:00:00+00:00,85,1,30000,12000.0,60000.0,71.893929,1133.8459497764013,1206.5698917114282,72.72394193502686,60.60360173922243,9.448716248136678,STOP,22,LOWER_FRICTION_SENSITIVITY
SOLUSDT,CURRENT_IMPROVED_SPLIT,LONG,BULL,2026-06-21 07:15:00+00:00,2026-06-21 08:15:00+00:00,85,1,30000,12000.0,60000.0,73.3476555,-442.77334661103185,-370.9959441775384,71.77740243349348,59.81442423252366,-3.6897778884252657,STOP,5,LOWER_FRICTION_SENSITIVITY
SOLUSDT,CURRENT_IMPROVED_SPLIT,LONG,BULL,2026-06-21 16:30:00+00:00,2026-06-21 20:45:00+00:00,85,1,30000,12000.0,60000.0,74.018991,-610.1375038149499,-538.4605801630478,71.67692365190217,59.730650027428595,-5.084479198457916,STOP,18,LOWER_FRICTION_SENSITIVITY
SOLUSDT,CURRENT_IMPROVED_SPLIT,LONG,BULL,2026-06-22 05:15:00+00:00,2026-06-22 14:45:00+00:00,85,1,30000,12000.0,60000.0,74.1300465,-874.5577210439035,-803.0395447707659,71.51817627313753,59.59829436730173,-7.287981008699196,STOP,39,LOWER_FRICTION_SENSITIVITY
SOLUSDT,CURRENT_IMPROVED_SPLIT,SHORT,BEAR,2026-06-26 03:30:00+00:00,2026-06-26 03:45:00+00:00,85,1,26800,10720.0,53600.0,66.7666,-1174.2589206262335,-1109.273356612266,64.98556401396735,54.15437289855624,-10.953907841662627,STOP,2,LOWER_FRICTION_SENSITIVITY
SOLUSDT,CURRENT_IMPROVED_SPLIT,LONG,BULL,2026-06-28 10:45:00+00:00,2026-06-28 19:45:00+00:00,95,2,30000,21000.0,105000.0,71.70124571094904,-1701.6650456410157,-1576.6110122483647,125.05403339265098,104.21132639394469,-8.103166884004837,STOP,37,LOWER_FRICTION_SENSITIVITY
SOLUSDT,CURRENT_IMPROVED_SPLIT,LONG,BULL,2026-07-01 00:00:00+00:00,2026-07-01 01:00:00+00:00,85,1,30000,12000.0,60000.0,73.6598115,-550.9602975967613,-479.2478463045441,71.71245129221728,59.76027120494402,-4.591335813306344,STOP,5,LOWER_FRICTION_SENSITIVITY
SOLUSDT,CURRENT_IMPROVED_SPLIT,LONG,BULL,2026-07-02 04:30:00+00:00,2026-07-02 10:45:00+00:00,90,1,30000,12000.0,60000.0,78.2901255,1726.1264512397886,1799.2059748246834,73.0795235848948,60.90006801391789,14.384387093664905,TP3_4.0R,26,LOWER_FRICTION_SENSITIVITY
SOLUSDT,CURRENT_IMPROVED_SPLIT,LONG,BULL,2026-07-03 02:15:00+00:00,2026-07-03 03:00:00+00:00,90,1,30000,12000.0,60000.0,81.28962449999999,-679.6003835456554,-607.9651626432413,71.63522090241406,59.695880351349665,-5.663336529547128,STOP,4,LOWER_FRICTION_SENSITIVITY
SOLUSDT,CURRENT_IMPROVED_SPLIT,LONG,BULL,2026-07-03 07:30:00+00:00,2026-07-04 01:00:00+00:00,85,1,30000,12000.0,60000.0,81.10753349999999,796.9508195196588,869.4725030214717,72.52168350181287,60.43496872837339,6.64125682933049,STOP,70,LOWER_FRICTION_SENSITIVITY
SOLUSDT,CURRENT_IMPROVED_SPLIT,LONG,BULL,2026-07-04 03:30:00+00:00,2026-07-04 06:15:00+00:00,85,1,30000,12000.0,60000.0,82.40618249999999,182.67863187148032,254.83153078995431,72.15289891847397,60.12749450514444,1.522321932262336,STOP,12,LOWER_FRICTION_SENSITIVITY
SOLUSDT,CURRENT_IMPROVED_SPLIT,LONG,BULL,2026-07-04 18:30:00+00:00,2026-07-04 19:00:00+00:00,90,1,30000,12000.0,60000.0,82.30213049999999,-479.29209144905417,-407.53661341710443,71.75547803194974,59.79614475817167,-3.994100762075451,STOP,3,LOWER_FRICTION_SENSITIVITY
SOLUSDT,CURRENT_IMPROVED_SPLIT,LONG,BULL,2026-07-06 01:45:00+00:00,2026-07-06 02:45:00+00:00,85,1,30000,12000.0,60000.0,81.9739665,-753.8477708004259,-682.2571250754712,71.59064572495471,59.658715787854845,-6.282064756670216,STOP,5,LOWER_FRICTION_SENSITIVITY
SOLUSDT,CURRENT_IMPROVED_SPLIT,LONG,BULL,2026-07-07 00:30:00+00:00,2026-07-07 02:00:00+00:00,85,1,30000,12000.0,60000.0,82.3341465,-525.0926581244457,-453.3646769306041,71.72798119384163,59.77321926366177,-4.375772151037047,STOP,7,LOWER_FRICTION_SENSITIVITY
SOLUSDT,CURRENT_IMPROVED_SPLIT,SHORT,BEAR,2026-07-13 05:15:00+00:00,2026-07-13 08:45:00+00:00,90,1,30000,12000.0,60000.0,76.23686250000002,-496.3963535125025,-424.14186839146765,72.25448512103489,60.21197995170769,-4.136636279270854,STOP,15,LOWER_FRICTION_SENSITIVITY
SOLUSDT,CURRENT_IMPROVED_SPLIT,SHORT,BEAR,2026-07-16 12:45:00+00:00,2026-07-16 13:15:00+00:00,85,1,30000,12000.0,60000.0,75.7111255,-597.0422317881678,-524.7273953509572,72.31483643721057,60.26224758138548,-4.975351931568065,STOP,3,LOWER_FRICTION_SENSITIVITY
SOLUSDT,CURRENT_IMPROVED_SPLIT,SHORT,BEAR,2026-07-17 01:45:00+00:00,2026-07-17 13:45:00+00:00,85,2,30000,21000.0,105000.0,75.03423788242084,1349.6397888844474,1474.7549359228935,125.11514703844625,104.2630172865143,6.426856137544988,STOP,49,LOWER_FRICTION_SENSITIVITY
SOLUSDT,CURRENT_IMPROVED_SPLIT,SHORT,BEAR,2026-07-18 08:15:00+00:00,2026-07-18 12:00:00+00:00,90,2,30000,21000.0,105000.0,74.73317041575476,-686.8350858743897,-560.4987866024283,126.33629927196145,105.28013558863893,-3.270643266068522,STOP,16,LOWER_FRICTION_SENSITIVITY
SOLUSDT,CURRENT_IMPROVED_SPLIT,LONG,BULL,2026-07-21 14:15:00+00:00,2026-07-21 14:15:00+00:00,90,1,30000,12000.0,60000.0,78.469215,-456.1042815900976,-384.3348825196094,71.76939907048823,59.80775142695003,-3.8008690132508134,STOP,1,LOWER_FRICTION_SENSITIVITY
SOLUSDT,CURRENT_IMPROVED_SPLIT,LONG,BULL,2026-07-22 01:30:00+00:00,2026-07-22 03:45:00+00:00,90,1,30000,12000.0,60000.0,78.2641125,-453.29331638981023,-381.52222972764685,71.77108666216341,59.809158456863074,-3.777444303248419,STOP,10,LOWER_FRICTION_SENSITIVITY
SOLUSDT,CURRENT_IMPROVED_SPLIT,SHORT,BEAR,2026-07-25 09:00:00+00:00,2026-07-25 13:15:00+00:00,100,1,30000,12000.0,60000.0,73.71412450000001,-347.2262583802464,-275.06122164725804,72.16503673298836,60.13747687987518,-2.89355215316872,STOP,18,LOWER_FRICTION_SENSITIVITY
XRPUSDT,CURRENT_IMPROVED_SPLIT,LONG,BULL,2026-06-16 09:30:00+00:00,2026-06-16 13:30:00+00:00,90,2,30000,21000.0,105000.0,1.2421443081545163,-1532.809782543371,-1407.6543751684721,125.15540737489891,104.29584697276135,-7.29909420258748,STOP,17,LOWER_FRICTION_SENSITIVITY
XRPUSDT,CURRENT_IMPROVED_SPLIT,SHORT,BEAR,2026-06-21 20:30:00+00:00,2026-06-22 00:15:00+00:00,90,1,30000,12000.0,60000.0,1.1412290999999999,487.5773142233113,559.2417691618143,71.6644549385029,59.720533855994994,4.063144285194261,STOP,16,LOWER_FRICTION_SENSITIVITY
XRPUSDT,CURRENT_IMPROVED_SPLIT,SHORT,BEAR,2026-06-22 06:45:00+00:00,2026-06-22 07:15:00+00:00,85,1,30000,12000.0,60000.0,1.1308343,-521.348389303423,-449.07894193826,72.26944736516296,60.224442257335284,-4.344569910861859,STOP,3,LOWER_FRICTION_SENSITIVITY
XRPUSDT,CURRENT_IMPROVED_SPLIT,SHORT,BEAR,2026-06-22 18:45:00+00:00,2026-06-23 08:15:00+00:00,85,1,30000,12000.0,60000.0,1.1381306500000001,1398.4085105476224,1469.5267944709399,71.11828392331743,59.265618800859535,11.65340425456352,TP3_4.0R,54,LOWER_FRICTION_SENSITIVITY
XRPUSDT,CURRENT_IMPROVED_SPLIT,SHORT,BEAR,2026-06-24 07:00:00+00:00,2026-06-24 11:45:00+00:00,95,1,30000,12000.0,60000.0,1.10114915,487.8151375500836,559.4794498801555,71.66431233007191,59.72041507502256,4.065126146250696,STOP,20,LOWER_FRICTION_SENSITIVITY
XRPUSDT,CURRENT_IMPROVED_SPLIT,SHORT,BEAR,2026-06-25 13:00:00+00:00,2026-06-25 14:00:00+00:00,90,1,30000,12000.0,60000.0,1.0736629000000002,1402.3773168274183,1473.4932208948815,71.11590406746308,59.26363657875483,11.686477640228485,STOP,5,LOWER_FRICTION_SENSITIVITY
XRPUSDT,CURRENT_IMPROVED_SPLIT,SHORT,BEAR,2026-06-26 12:30:00+00:00,2026-06-26 13:45:00+00:00,90,1,30000,12000.0,60000.0,1.02838555,249.61209155596234,321.4192400119552,71.80714845599283,59.83938569463997,2.080100762966353,STOP,6,LOWER_FRICTION_SENSITIVITY
XRPUSDT,CURRENT_IMPROVED_SPLIT,SHORT,BEAR,2026-06-28 06:30:00+00:00,2026-06-28 07:30:00+00:00,90,1,30000,12000.0,60000.0,1.0424785,-534.7393803292681,-462.4619031873557,72.27747714191241,60.23113039389206,-4.4561615027439005,STOP,5,LOWER_FRICTION_SENSITIVITY
XRPUSDT,CURRENT_IMPROVED_SPLIT,SHORT,BEAR,2026-06-28 19:45:00+00:00,2026-06-28 22:00:00+00:00,85,1,30000,12000.0,60000.0,1.0426784,-515.878614720433,-443.6124472520817,72.26616746835126,60.22171037593475,-4.298988456003609,STOP,10,LOWER_FRICTION_SENSITIVITY
XRPUSDT,CURRENT_IMPROVED_SPLIT,LONG,BULL,2026-07-03 16:15:00+00:00,2026-07-03 20:00:00+00:00,90,1,30000,12000.0,60000.0,1.1147571,891.9797318620897,964.5584669422551,72.57873508016536,60.48253549371802,7.43316443218408,STOP,16,LOWER_FRICTION_SENSITIVITY
XRPUSDT,CURRENT_IMPROVED_SPLIT,LONG,BULL,2026-07-04 03:15:00+00:00,2026-07-04 05:15:00+00:00,85,1,30000,12000.0,60000.0,1.1360677499999998,115.44781332879069,187.56034953851378,72.11253620972312,60.09384208831046,0.9620651110732558,STOP,9,LOWER_FRICTION_SENSITIVITY
XRPUSDT,CURRENT_IMPROVED_SPLIT,LONG,BULL,2026-07-04 08:30:00+00:00,2026-07-04 19:45:00+00:00,85,1,30000,12000.0,60000.0,1.1459727,1154.2846619885001,1227.0208745132081,72.73621252470792,60.613832345927825,9.619038849904168,STOP,46,LOWER_FRICTION_SENSITIVITY
XRPUSDT,CURRENT_IMPROVED_SPLIT,LONG,BULL,2026-07-06 00:45:00+00:00,2026-07-06 05:15:00+00:00,85,1,30000,12000.0,60000.0,1.15387665,-816.9206592183197,-745.3678799462874,71.55277927203223,59.62714462484036,-6.807672160152664,STOP,19,LOWER_FRICTION_SENSITIVITY
XRPUSDT,CURRENT_IMPROVED_SPLIT,LONG,BULL,2026-07-06 19:15:00+00:00,2026-07-06 22:30:00+00:00,90,1,30000,12000.0,60000.0,1.14647295,164.10971577054534,236.25146665053566,72.14175087999033,60.11819982574177,1.3675809647545445,STOP,14,LOWER_FRICTION_SENSITIVITY
XRPUSDT,CURRENT_IMPROVED_SPLIT,SHORT,BEAR,2026-07-13 12:15:00+00:00,2026-07-13 13:30:00+00:00,85,2,30000,21000.0,105000.0,1.0740003339656778,154.82839657201734,280.66000057167435,125.83160399965698,104.85976637963888,0.7372780789143683,STOP,6,LOWER_FRICTION_SENSITIVITY
XRPUSDT,CURRENT_IMPROVED_SPLIT,LONG,BULL,2026-07-21 18:45:00+00:00,2026-07-21 22:00:00+00:00,90,1,30000,12000.0,60000.0,1.1564779499999998,-731.810255176447,-660.2063790038493,71.6038761725977,59.669746676323385,-6.098418793137058,STOP,14,LOWER_FRICTION_SENSITIVITY
DOGEUSDT,CURRENT_IMPROVED_SPLIT,SHORT,BEAR,2026-06-19 06:30:00+00:00,2026-06-19 13:45:00+00:00,95,2,30000,21000.0,105000.0,0.08236513538675759,-1403.5126004686238,-1276.7465525371015,126.76604793152225,105.63808049914935,-6.683393335564874,STOP,30,LOWER_FRICTION_SENSITIVITY
DOGEUSDT,CURRENT_IMPROVED_SPLIT,SHORT,BEAR,2026-06-20 19:15:00+00:00,2026-06-20 22:00:00+00:00,85,1,30000,12000.0,60000.0,0.083188385,-507.5232526189983,-435.26209536178123,72.26115725721706,60.21753728653387,-4.2293604384916526,STOP,12,LOWER_FRICTION_SENSITIVITY
DOGEUSDT,CURRENT_IMPROVED_SPLIT,SHORT,BEAR,2026-06-23 13:30:00+00:00,2026-06-23 13:30:00+00:00,85,1,30000,12000.0,60000.0,0.07908044,-535.063128300714,-462.7854570264981,72.27767127421589,60.23129208996724,-4.45885940250595,STOP,1,LOWER_FRICTION_SENSITIVITY
DOGEUSDT,CURRENT_IMPROVED_SPLIT,SHORT,BEAR,2026-06-24 07:15:00+00:00,2026-06-24 11:45:00+00:00,85,1,30000,12000.0,60000.0,0.07891052500000001,152.07126351032073,223.93690136949903,71.86563785917829,59.888102505559935,1.2672605292526729,STOP,19,LOWER_FRICTION_SENSITIVITY
DOGEUSDT,CURRENT_IMPROVED_SPLIT,SHORT,BEAR,2026-06-26 12:30:00+00:00,2026-06-26 13:45:00+00:00,90,1,30000,12000.0,60000.0,0.07378309,-728.6077544808475,-656.2140260652084,72.39372841563912,60.327958041517306,-6.071731287340396,STOP,6,LOWER_FRICTION_SENSITIVITY
DOGEUSDT,CURRENT_IMPROVED_SPLIT,SHORT,BEAR,2026-06-28 12:45:00+00:00,2026-06-28 20:15:00+00:00,85,2,30000,21000.0,105000.0,0.07341855426162348,286.95877328081525,412.71114659285945,125.75237331204427,104.79377380292496,1.366470348956263,STOP,31,LOWER_FRICTION_SENSITIVITY
DOGEUSDT,CURRENT_IMPROVED_SPLIT,SHORT,BEAR,2026-06-29 08:15:00+00:00,2026-06-29 12:00:00+00:00,85,1,30000,12000.0,60000.0,0.07264366,-766.4144862951023,-693.9980874426367,72.41639885246558,60.34684063090107,-6.38678738579252,STOP,16,LOWER_FRICTION_SENSITIVITY
DOGEUSDT,CURRENT_IMPROVED_SPLIT,SHORT,BEAR,2026-06-30 03:45:00+00:00,2026-06-30 12:15:00+00:00,90,1,30000,12000.0,60000.0,0.07243376500000001,1235.2570895391987,1306.473205615829,71.2161160766305,59.34710485226293,10.293809079493323,TP3_4.0R,35,LOWER_FRICTION_SENSITIVITY
DOGEUSDT,CURRENT_IMPROVED_SPLIT,SHORT,BEAR,2026-07-01 09:45:00+00:00,2026-07-01 13:30:00+00:00,95,1,30000,12000.0,60000.0,0.07133431500000001,-555.3643360247416,-483.0744913299437,72.28984469479796,60.24143153739623,-4.6280361335395135,STOP,16,LOWER_FRICTION_SENSITIVITY
DOGEUSDT,CURRENT_IMPROVED_SPLIT,SHORT,BEAR,2026-07-08 15:45:00+00:00,2026-07-08 16:30:00+00:00,90,1,30000,12000.0,60000.0,0.07161417500000002,-704.197163417329,-631.8180725737847,72.37909084354428,60.31576616069307,-5.868309695144408,STOP,4,LOWER_FRICTION_SENSITIVITY
DOGEUSDT,CURRENT_IMPROVED_SPLIT,SHORT,BEAR,2026-07-09 13:30:00+00:00,2026-07-09 15:00:00+00:00,85,1,30000,12000.0,60000.0,0.072273845,-485.67654387718085,-413.4284867851098,72.24805709207106,60.206625937915106,-4.04730453230984,STOP,7,LOWER_FRICTION_SENSITIVITY
DOGEUSDT,CURRENT_IMPROVED_SPLIT,SHORT,BEAR,2026-07-13 12:30:00+00:00,2026-07-13 14:15:00+00:00,90,1,30000,12000.0,60000.0,0.072053955,-464.4439725184085,-392.2086473300105,72.23532518839801,60.196021320509104,-3.870366437653404,STOP,8,LOWER_FRICTION_SENSITIVITY
DOGEUSDT,CURRENT_IMPROVED_SPLIT,SHORT,BEAR,2026-07-16 19:45:00+00:00,2026-07-17 10:00:00+00:00,85,2,30000,21000.0,105000.0,0.07301425359743208,1372.8568071889797,1497.9580323695582,125.10122518057827,104.25142153616923,6.537413367566571,STOP,58,LOWER_FRICTION_SENSITIVITY
DOGEUSDT,CURRENT_IMPROVED_SPLIT,SHORT,BEAR,2026-07-24 04:15:00+00:00,2026-07-24 07:15:00+00:00,85,1,30000,12000.0,60000.0,0.06911542500000001,-431.70200143778,-359.4863096519888,72.2156917857912,60.17966832815461,-3.5975166786481667,STOP,12,LOWER_FRICTION_SENSITIVITY
DOGEUSDT,CURRENT_IMPROVED_SPLIT,SHORT,BEAR,2026-07-24 15:15:00+00:00,2026-07-24 22:45:00+00:00,90,1,30000,12000.0,60000.0,0.06892552,-760.5594795936977,-688.1465916387144,72.41288795498322,60.34391634513585,-6.337995663280814,STOP,31,LOWER_FRICTION_SENSITIVITY
