symbol,strategy,initial_equity_krw,final_equity_krw,net_pnl_krw,return_pct,trades,wins,losses,win_rate_pct,profit_factor,average_win_krw,average_loss_krw,expectancy_per_trade_krw,maximum_drawdown_pct,maximum_consecutive_losses,total_fees_krw,estimated_slippage_krw,long,short,entry_stages_filled,exit_reasons,daily_stop_days,total_stop_triggered
BTCUSDT,BASELINE_SPLIT,300000.0,284799.06378275226,-15200.936217247741,-5.066978739082584,43,9,34,20.930232558139537,0.06103195150388611,109.78279156932318,-476.1465100403413,-353.5101445871557,-5.066978739082581,9,6732.252974486825,8415.316098032441,"{'trades': 23, 'win_rate_pct': 26.08695652173913, 'net_pnl_krw': -7759.980862500813}","{'trades': 20, 'win_rate_pct': 15.0, 'net_pnl_krw': -7440.955354746882}","{1: 38, 2: 5}",{'STOP': 43},"['2026-06-12', '2026-06-13', '2026-06-14', '2026-06-17', '2026-06-19', '2026-06-20', '2026-06-21', '2026-06-22', '2026-06-23', '2026-06-24', '2026-06-25', '2026-06-26', '2026-06-27', '2026-06-28', '2026-06-29', '2026-06-30', '2026-07-01', '2026-07-03', '2026-07-04', '2026-07-05', '2026-07-06', '2026-07-07', '2026-07-10', '2026-07-11', '2026-07-12', '2026-07-14', '2026-07-15']",True
BTCUSDT,IMPROVED_SPLIT,300000.0,295367.07905379846,-4632.920946201542,-1.5443069820671784,10,2,8,20.0,0.08039710730495726,202.51863353515245,-629.7447766589769,-463.29209462015103,-1.5443069820671809,4,1438.7526052639823,1798.4376161858613,"{'trades': 6, 'win_rate_pct': 16.666666666666664, 'net_pnl_krw': -2978.291778770172}","{'trades': 4, 'win_rate_pct': 25.0, 'net_pnl_krw': -1654.6291674313381}",{1: 10},{'STOP': 10},"['2026-06-19', '2026-06-23', '2026-07-10', '2026-07-15', '2026-07-20']",False
BTCUSDT,IMPROVED_FULL,300000.0,290226.7147034687,-9773.285296531278,-3.257761765510425,8,1,7,12.5,0.132812204563727,1496.805620297693,-1610.0129881184268,-1221.660662066412,-3.257761765510426,5,2873.8352644215342,3592.2866394093135,"{'trades': 5, 'win_rate_pct': 0.0, 'net_pnl_krw': -7811.1428026068925}","{'trades': 3, 'win_rate_pct': 33.33333333333333, 'net_pnl_krw': -1962.142493924403}",{1: 8},"{'STOP': 7, 'TP_FULL_2.5R': 1}","['2026-06-23', '2026-07-07', '2026-07-10', '2026-07-15', '2026-07-20']",False
ETHUSDT,BASELINE_SPLIT,300000.0,284508.7940187941,-15491.205981205916,-5.1637353270686415,51,19,32,37.254901960784316,0.15424663197506683,148.69747077891114,-572.3893101876608,-303.74913688638895,-5.163735327068639,7,7761.17743579491,9701.476230500988,"{'trades': 32, 'win_rate_pct': 37.5, 'net_pnl_krw': -9076.2333922631}","{'trades': 19, 'win_rate_pct': 36.84210526315789, 'net_pnl_krw': -6414.9725889427355}","{1: 47, 2: 4}","{'STOP': 50, 'TP3_3.0R': 1}","['2026-06-12', '2026-06-13', '2026-06-14', '2026-06-15', '2026-06-17', '2026-06-18', '2026-06-20', '2026-06-21', '2026-06-24', '2026-06-28', '2026-06-29', '2026-07-01', '2026-07-02', '2026-07-03', '2026-07-04', '2026-07-05', '2026-07-06', '2026-07-07', '2026-07-09', '2026-07-12', '2026-07-13']",True
ETHUSDT,IMPROVED_SPLIT,300000.0,295723.4851367258,-4276.514863274177,-1.4255049544247278,16,6,10,37.5,0.4413394798689386,563.071483007986,-765.4943761322198,-267.28217895464263,-1.6340603721417366,4,2412.406600453857,3015.5108412231407,"{'trades': 14, 'win_rate_pct': 42.857142857142854, 'net_pnl_krw': -2885.7221109056486}","{'trades': 2, 'win_rate_pct': 0.0, 'net_pnl_krw': -1390.792752368634}","{1: 15, 2: 1}","{'STOP': 15, 'TP3_4.0R': 1}","['2026-06-21', '2026-06-28', '2026-07-01', '2026-07-10', '2026-07-20']",False
ETHUSDT,IMPROVED_FULL,300000.0,288790.16941080475,-11209.830589195248,-3.7366101963984155,14,4,10,28.57142857142857,0.431402780631064,2126.2643932506403,-1971.488816219776,-800.702184942514,-4.215929924986859,4,5039.204074104995,6299.005381483716,"{'trades': 12, 'win_rate_pct': 33.33333333333333, 'net_pnl_krw': -7732.848708273612}","{'trades': 2, 'win_rate_pct': 0.0, 'net_pnl_krw': -3476.9818809215853}",{1: 14},"{'STOP': 10, 'TP_FULL_2.5R': 4}","['2026-06-17', '2026-06-28', '2026-07-01', '2026-07-07', '2026-07-10', '2026-07-20']",False
SOLUSDT,BASELINE_SPLIT,300000.0,284722.0901892752,-15277.909810724785,-5.092636603574929,32,9,23,28.125,0.07084269694112832,129.42771202488152,-714.9025747369044,-477.434681585152,-5.0926366035749275,5,4585.717295072517,5732.135458712239,"{'trades': 27, 'win_rate_pct': 29.629629629629626, 'net_pnl_krw': -12108.679976304196}","{'trades': 5, 'win_rate_pct': 20.0, 'net_pnl_krw': -3169.229834420669}",{1: 32},"{'STOP': 31, 'TP3_3.0R': 1}","['2026-06-12', '2026-06-13', '2026-06-14', '2026-06-15', '2026-06-16', '2026-06-17', '2026-06-19', '2026-06-22', '2026-06-23', '2026-06-24', '2026-06-25', '2026-06-26', '2026-06-27', '2026-06-28', '2026-06-29', '2026-07-01']",True
SOLUSDT,IMPROVED_SPLIT,300000.0,295383.2358372137,-4616.764162786305,-1.5389213875954377,16,4,12,25.0,0.5156560105437301,1228.8075425877596,-794.3328610947774,-288.54776017414315,-2.1898104919258694,6,2484.3684453615347,3105.462746102741,"{'trades': 13, 'win_rate_pct': 23.076923076923077, 'net_pnl_krw': -4689.423743323238}","{'trades': 3, 'win_rate_pct': 33.33333333333333, 'net_pnl_krw': 72.65958053694806}","{1: 14, 2: 2}","{'STOP': 15, 'TP3_4.0R': 1}","['2026-06-21', '2026-06-22', '2026-06-26', '2026-06-28', '2026-07-01', '2026-07-07', '2026-07-13']",False
SOLUSDT,IMPROVED_FULL,300000.0,290117.7169988179,-9882.283001182077,-3.29409433372736,16,4,12,25.0,0.5853005087580881,3486.925707915307,-1985.8321527369437,-617.642687573881,-4.864069743714404,6,5675.57447617846,7094.47459269675,"{'trades': 13, 'win_rate_pct': 23.076923076923077, 'net_pnl_krw': -8955.519067784244}","{'trades': 3, 'win_rate_pct': 33.33333333333333, 'net_pnl_krw': -926.7639333978509}",{1: 16},"{'STOP': 12, 'TP_FULL_2.5R': 4}","['2026-06-21', '2026-06-22', '2026-06-26', '2026-06-28', '2026-07-01', '2026-07-07', '2026-07-13']",False
