symbol,strategy,direction,regime,opened_at,closed_at,signal_score,entry_stages_filled,planned_capital_krw,used_capital_krw,total_notional_krw,average_entry,net_pnl_krw,gross_pnl_krw,fees_krw,slippage_krw,return_on_used_capital_pct,exit_reason,bars_held,funding_pnl_krw,net_pnl_before_funding_krw,fold
BTCUSDT,PRICE_ONLY_REFERENCE,SHORT,BEAR,2026-02-03 12:15:00+00:00,2026-02-03 17:30:00+00:00,90,1,30000,12000.0,60000.0,78059.9342,1318.4474436603418,1460.694610128188,142.24716646784617,177.81264472613145,10.98706203050285,TP3_4.0R,21,0.0,1318.4474436603418,FOLD_A_OLDEST
BTCUSDT,PRICE_ONLY_REFERENCE,SHORT,BEAR,2026-02-04 10:30:00+00:00,2026-02-04 14:30:00+00:00,85,1,30000,12000.0,60000.0,75957.99185,149.24002945690037,292.8885631810831,143.6485337241827,179.56173016838926,1.2436669121408366,STOP,17,0.0,149.24002945690037,FOLD_A_OLDEST
BTCUSDT,PRICE_ONLY_REFERENCE,SHORT,BEAR,2026-02-04 22:45:00+00:00,2026-02-05 16:45:00+00:00,85,3,22100,22100.0,110500.0,71426.52009556809,4279.111700820995,4538.865062745699,259.75336192470513,324.7026454332136,19.362496383805407,STOP,73,0.0,4279.111700820995,FOLD_A_OLDEST
BTCUSDT,PRICE_ONLY_REFERENCE,SHORT,BEAR,2026-02-06 00:45:00+00:00,2026-02-06 01:45:00+00:00,90,1,14500,5800.0,29000.0,62825.12075,-1158.4934205611783,-1087.5883145836779,70.9051059775004,88.62913481372186,-19.974024492434108,STOP,5,0.0,-1158.4934205611783,FOLD_A_OLDEST
BTCUSDT,PRICE_ONLY_REFERENCE,SHORT,BEAR,2026-02-10 13:30:00+00:00,2026-02-10 14:15:00+00:00,90,1,30000,12000.0,60000.0,68590.85915,-781.1474283475903,-636.3837678261989,144.76366052139144,180.95355093374624,-6.5095619028965865,STOP,4,0.0,-781.1474283475903,FOLD_A_OLDEST
BTCUSDT,PRICE_ONLY_REFERENCE,SHORT,BEAR,2026-02-11 07:45:00+00:00,2026-02-11 14:00:00+00:00,90,1,30000,12000.0,60000.0,67032.69989999999,-913.5274036248944,-768.6050775318562,144.9223260930382,181.15158584594752,-7.6127283635407865,STOP,26,0.0,-913.5274036248944,FOLD_A_OLDEST
BTCUSDT,PRICE_ONLY_REFERENCE,SHORT,BEAR,2026-02-12 06:15:00+00:00,2026-02-12 09:45:00+00:00,85,1,30000,12000.0,60000.0,66981.17730000001,-843.1235821989031,-698.2856394315852,144.83794276731788,181.04626467054842,-7.026029851657527,STOP,15,0.0,-843.1235821989031,FOLD_A_OLDEST
BTCUSDT,PRICE_ONLY_REFERENCE,SHORT,BEAR,2026-02-13 07:45:00+00:00,2026-02-13 08:45:00+00:00,90,1,30000,12000.0,60000.0,65998.0542,-741.7775236802646,-597.0610504197609,144.7164732605037,180.89465520124537,-6.181479364002205,STOP,5,0.0,-741.7775236802646,FOLD_A_OLDEST
BTCUSDT,PRICE_ONLY_REFERENCE,SHORT,BEAR,2026-02-16 05:15:00+00:00,2026-02-16 09:00:00+00:00,85,1,30000,12000.0,60000.0,68335.44285,-721.823431857293,-577.130874807524,144.69255704976902,180.86480471355463,-6.015195265477442,STOP,15,0.0,-721.823431857293,FOLD_A_OLDEST
BTCUSDT,PRICE_ONLY_REFERENCE,SHORT,BEAR,2026-02-17 07:00:00+00:00,2026-02-17 16:00:00+00:00,85,2,30000,21000.0,105000.0,68056.1691878993,761.6782065555719,1012.4632506547862,250.78504409921422,313.4842885059894,3.627039078836057,STOP,37,0.0,761.6782065555719,FOLD_A_OLDEST
BTCUSDT,PRICE_ONLY_REFERENCE,SHORT,BEAR,2026-02-23 21:00:00+00:00,2026-02-24 16:00:00+00:00,90,1,30000,12000.0,60000.0,64357.9181,275.0920465921033,418.5897389054168,143.4976923133135,179.37346080883867,2.292433721600861,STOP,76,0.0,275.0920465921033,FOLD_A_OLDEST
BTCUSDT,HARD_VETO_SPLIT,SHORT,BEAR,2026-02-24 01:45:00+00:00,2026-02-24 15:45:00+00:00,100,1,30000,12000.0,60000.0,64211.9374,278.715028509755,422.2083784556083,143.49334994585325,179.36804097926105,2.3226252375812915,STOP,56,0.0,278.715028509755,FOLD_A_OLDEST
BTCUSDT,HARD_VETO_SHORT_ONLY,SHORT,BEAR,2026-02-24 01:45:00+00:00,2026-02-24 15:45:00+00:00,100,1,30000,12000.0,60000.0,64211.9374,278.715028509755,422.2083784556083,143.49334994585325,179.36804097926105,2.3226252375812915,STOP,56,0.0,278.715028509755,FOLD_A_OLDEST
BTCUSDT,PRICE_ONLY_REFERENCE,LONG,BULL,2026-03-05 12:15:00+00:00,2026-03-05 13:30:00+00:00,85,1,30000,12000.0,60000.0,73021.1677,-869.2632339733939,-726.1345954879795,143.1286384854144,178.90956685045262,-7.243860283111616,STOP,6,0.0,-869.2632339733939,FOLD_B_MIDDLE
BTCUSDT,PRICE_ONLY_REFERENCE,LONG,BULL,2026-03-13 14:45:00+00:00,2026-03-13 15:00:00+00:00,90,1,30000,12000.0,60000.0,72993.326,-934.8706463208047,-791.8208313183867,143.04981500241792,178.81088948065286,-7.790588719340039,STOP,2,0.0,-934.8706463208047,FOLD_B_MIDDLE
BTCUSDT,PRICE_ONLY_REFERENCE,LONG,BULL,2026-03-16 12:15:00+00:00,2026-03-16 14:30:00+00:00,95,1,30000,12000.0,60000.0,73660.42515000001,-738.543605552806,-595.257915050867,143.28569050193897,179.10617678601852,-6.154530046273383,STOP,10,0.0,-738.543605552806,FOLD_B_MIDDLE
BTCUSDT,PRICE_ONLY_REFERENCE,LONG,BULL,2026-03-17 00:45:00+00:00,2026-03-17 04:30:00+00:00,90,1,30000,12000.0,60000.0,75065.72995000001,-925.1956608104726,-782.1342218767247,143.06143893374792,178.82544122243235,-7.709963840087272,STOP,16,0.0,-925.1956608104726,FOLD_B_MIDDLE
BTCUSDT,PRICE_ONLY_REFERENCE,SHORT,BEAR,2026-03-22 12:30:00+00:00,2026-03-22 13:00:00+00:00,90,1,30000,12000.0,60000.0,68521.16385000001,-571.8871729657016,-427.37432377716897,144.51284918853258,180.64050633457876,-4.7657264413808464,STOP,3,0.0,-571.8871729657016,FOLD_B_MIDDLE
BTCUSDT,PRICE_ONLY_REFERENCE,SHORT,BEAR,2026-03-23 01:15:00+00:00,2026-03-23 03:00:00+00:00,90,1,30000,12000.0,60000.0,67704.39085000001,-877.0211743798958,-732.1426032559887,144.8785711239072,181.09697405221482,-7.3085097864991315,STOP,8,0.0,-877.0211743798958,FOLD_B_MIDDLE
BTCUSDT,PRICE_ONLY_REFERENCE,SHORT,BEAR,2026-03-27 00:45:00+00:00,2026-03-27 02:00:00+00:00,90,1,30000,12000.0,60000.0,68576.08135000001,-710.9918456429253,-566.312270917824,144.67957472510136,180.84860111312184,-5.924932047024377,STOP,6,0.0,-710.9918456429253,FOLD_B_MIDDLE
BTCUSDT,PRICE_ONLY_REFERENCE,SHORT,BEAR,2026-03-29 01:15:00+00:00,2026-03-29 02:45:00+00:00,90,1,30000,12000.0,60000.0,66417.72375,-535.3391269997621,-390.8700829002818,144.46904409948033,180.58583198478613,-4.461159391664685,STOP,7,0.0,-535.3391269997621,FOLD_B_MIDDLE
BTCUSDT,HARD_VETO_SPLIT,LONG,BULL,2026-03-16 12:15:00+00:00,2026-03-16 14:30:00+00:00,95,1,30000,12000.0,60000.0,73660.42515000001,-738.543605552806,-595.257915050867,143.28569050193897,179.10617678601852,-6.154530046273383,STOP,10,0.0,-738.543605552806,FOLD_B_MIDDLE
BTCUSDT,HARD_VETO_SPLIT,LONG,BULL,2026-03-16 21:45:00+00:00,2026-03-17 03:15:00+00:00,95,1,30000,12000.0,60000.0,74513.70315000002,202.246233133589,346.66222780695733,144.41599467336835,180.52117950437827,1.6853852761132417,STOP,23,0.0,202.246233133589,FOLD_B_MIDDLE
BTCUSDT,HARD_VETO_LONG_ONLY,LONG,BULL,2026-03-16 12:15:00+00:00,2026-03-16 14:30:00+00:00,95,1,30000,12000.0,60000.0,73660.42515000001,-738.543605552806,-595.257915050867,143.28569050193897,179.10617678601852,-6.154530046273383,STOP,10,0.0,-738.543605552806,FOLD_B_MIDDLE
BTCUSDT,HARD_VETO_LONG_ONLY,LONG,BULL,2026-03-16 21:45:00+00:00,2026-03-17 03:15:00+00:00,95,1,30000,12000.0,60000.0,74513.70315000002,202.246233133589,346.66222780695733,144.41599467336835,180.52117950437827,1.6853852761132417,STOP,23,0.0,202.246233133589,FOLD_B_MIDDLE
BTCUSDT,PRICE_ONLY_REFERENCE,SHORT,BEAR,2026-03-29 18:30:00+00:00,2026-03-29 20:15:00+00:00,85,1,30000,12000.0,60000.0,66266.451,-561.4245250905001,-416.9242160312626,144.5003090592375,180.6248546504862,-4.6785377090875,STOP,8,0.0,-561.4245250905001,FOLD_C_LATEST_IN_WINDOW
BTCUSDT,PRICE_ONLY_REFERENCE,SHORT,BEAR,2026-04-02 12:15:00+00:00,2026-04-02 14:30:00+00:00,95,1,30000,12000.0,60000.0,66040.79000000001,-644.0122436039944,-499.41294806631475,144.59929553767958,180.74840242686997,-5.366768696699953,STOP,10,0.0,-644.0122436039944,FOLD_C_LATEST_IN_WINDOW
BTCUSDT,PRICE_ONLY_REFERENCE,SHORT,BEAR,2026-04-03 03:30:00+00:00,2026-04-03 07:30:00+00:00,90,1,30000,12000.0,60000.0,66501.4979,-633.4569084393116,-488.8702641223648,144.58664431694683,180.73261208646448,-5.278807570327597,STOP,16,0.0,-633.4569084393116,FOLD_C_LATEST_IN_WINDOW
BTCUSDT,PRICE_ONLY_REFERENCE,LONG,BULL,2026-04-08 07:30:00+00:00,2026-04-08 10:30:00+00:00,85,1,30000,12000.0,60000.0,71893.27840000001,-625.6465665234487,-482.22523680761776,143.42132971583084,179.27598050896484,-5.213721387695405,STOP,13,0.0,-625.6465665234487,FOLD_C_LATEST_IN_WINDOW
BTCUSDT,PRICE_ONLY_REFERENCE,LONG,BULL,2026-04-09 18:30:00+00:00,2026-04-09 22:30:00+00:00,95,1,30000,12000.0,60000.0,71973.09795000001,214.99351737024034,359.42482716283575,144.4313097925954,180.54035216240482,1.7916126447520029,STOP,17,0.0,214.99351737024034,FOLD_C_LATEST_IN_WINDOW
BTCUSDT,PRICE_ONLY_REFERENCE,LONG,BULL,2026-04-10 05:30:00+00:00,2026-04-10 06:45:00+00:00,85,1,30000,12000.0,60000.0,72295.18035,-644.3849713238782,-500.9861547095296,143.39881661434856,179.24779685662233,-5.369874761032318,STOP,6,0.0,-644.3849713238782,FOLD_C_LATEST_IN_WINDOW
BTCUSDT,PRICE_ONLY_REFERENCE,LONG,BULL,2026-04-10 21:00:00+00:00,2026-04-10 22:30:00+00:00,95,1,30000,12000.0,60000.0,73410.85135,-706.3496538589468,-563.0252841999868,143.32436965896,179.15459836465757,-5.886247115491224,STOP,7,0.0,-706.3496538589468,FOLD_C_LATEST_IN_WINDOW
BTCUSDT,PRICE_ONLY_REFERENCE,LONG,BULL,2026-04-15 22:45:00+00:00,2026-04-16 00:15:00+00:00,95,1,30000,12000.0,60000.0,75128.62415,-731.1957914587254,-587.9012729863089,143.29451847241643,179.1172283264146,-6.093298262156044,STOP,7,0.0,-731.1957914587254,FOLD_C_LATEST_IN_WINDOW
BTCUSDT,PRICE_ONLY_REFERENCE,LONG,BULL,2026-04-18 02:45:00+00:00,2026-04-18 03:45:00+00:00,85,1,30000,12000.0,60000.0,77387.60755,-572.5537732590017,-429.0686556457766,143.48511761322507,179.3558351626885,-4.771281443825013,STOP,5,0.0,-572.5537732590017,FOLD_C_LATEST_IN_WINDOW
BTCUSDT,PRICE_ONLY_REFERENCE,LONG,BULL,2026-04-21 11:15:00+00:00,2026-04-21 12:30:00+00:00,90,1,30000,12000.0,60000.0,76476.34270000001,-612.4517323756527,-469.0145498354552,143.43718254019745,179.29582630811436,-5.103764436463773,STOP,6,0.0,-612.4517323756527,FOLD_C_LATEST_IN_WINDOW
BTCUSDT,HARD_VETO_SPLIT,LONG,BULL,2026-04-16 03:15:00+00:00,2026-04-16 10:00:00+00:00,100,1,30000,12000.0,60000.0,75011.24835,-707.2999309264715,-563.9767029700355,143.32322795643594,179.15316909258718,-5.894166091053929,STOP,28,0.0,-707.2999309264715,FOLD_C_LATEST_IN_WINDOW
BTCUSDT,HARD_VETO_LONG_ONLY,LONG,BULL,2026-04-16 03:15:00+00:00,2026-04-16 10:00:00+00:00,100,1,30000,12000.0,60000.0,75011.24835,-707.2999309264715,-563.9767029700355,143.32322795643594,179.15316909258718,-5.894166091053929,STOP,28,0.0,-707.2999309264715,FOLD_C_LATEST_IN_WINDOW
ETHUSDT,PRICE_ONLY_REFERENCE,SHORT,BEAR,2026-02-03 06:45:00+00:00,2026-02-03 18:15:00+00:00,85,2,27100,18970.0,94850.0,2298.6964701072993,4110.054936078675,4332.495940949535,222.44100487086055,278.0616298431109,21.66607768096297,TP3_4.0R,46,0.0,4110.054936078675,FOLD_A_OLDEST
ETHUSDT,PRICE_ONLY_REFERENCE,SHORT,BEAR,2026-02-04 12:00:00+00:00,2026-02-04 16:30:00+00:00,85,1,28600,11440.0,57200.0,2250.369375,2278.1075490899066,2412.492558020282,134.38500893037565,167.98706724212303,19.913527527009673,TP3_4.0R,19,0.0,2278.1075490899066,FOLD_A_OLDEST
ETHUSDT,PRICE_ONLY_REFERENCE,SHORT,BEAR,2026-02-04 23:15:00+00:00,2026-02-05 16:45:00+00:00,90,1,16100,6440.0,32200.0,2129.151475,1864.151839447507,1939.1049135512453,74.95307410373849,93.69591643153942,28.94645713427806,STOP,71,0.0,1864.151839447507,FOLD_A_OLDEST
ETHUSDT,PRICE_ONLY_REFERENCE,SHORT,BEAR,2026-02-05 19:15:00+00:00,2026-02-06 01:30:00+00:00,90,1,12800,5120.0,25600.0,1933.625205,448.19634502896974,509.0255144116758,60.829169382705985,76.03777812079053,8.753834863847064,STOP,26,0.0,448.19634502896974,FOLD_A_OLDEST
ETHUSDT,PRICE_ONLY_REFERENCE,SHORT,BEAR,2026-02-07 11:15:00+00:00,2026-02-07 12:00:00+00:00,90,1,30000,12000.0,60000.0,2006.9850000000001,-1039.3062509236001,-894.2331711182583,145.0730798053419,181.33974574647118,-8.660885424363334,STOP,4,0.0,-1039.3062509236001,FOLD_A_OLDEST
ETHUSDT,PRICE_ONLY_REFERENCE,SHORT,BEAR,2026-02-09 15:30:00+00:00,2026-02-09 16:30:00+00:00,85,1,24400,9760.0,48800.0,2032.7363150000003,-1127.569410441827,-1009.238324452484,118.33108598934297,147.91191950226795,-11.552965270920359,STOP,5,0.0,-1127.569410441827,FOLD_A_OLDEST
ETHUSDT,PRICE_ONLY_REFERENCE,SHORT,BEAR,2026-02-10 21:30:00+00:00,2026-02-11 12:00:00+00:00,85,1,30000,12000.0,60000.0,2003.7698300000002,1326.3744113906275,1468.6120768983496,142.23766550772197,177.80078631359044,11.053120094921896,STOP,59,0.0,1326.3744113906275,FOLD_A_OLDEST
ETHUSDT,PRICE_ONLY_REFERENCE,SHORT,BEAR,2026-02-11 18:00:00+00:00,2026-02-11 21:15:00+00:00,85,1,21000,8400.0,42000.0,1925.86686,-1137.2416466209177,-1035.199407332119,102.04223928879853,127.5507569015364,-13.538591031201399,STOP,14,0.0,-1137.2416466209177,FOLD_A_OLDEST
ETHUSDT,PRICE_ONLY_REFERENCE,SHORT,BEAR,2026-02-16 01:45:00+00:00,2026-02-16 09:00:00+00:00,85,1,30000,12000.0,60000.0,1957.709025,-992.130409065677,-847.1138724187745,145.01653664690252,181.26917265805605,-8.267753408880642,STOP,29,0.0,-992.130409065677,FOLD_A_OLDEST
ETHUSDT,PRICE_ONLY_REFERENCE,SHORT,BEAR,2026-02-23 20:30:00+00:00,2026-02-24 14:45:00+00:00,90,1,29100,11640.0,58200.0,1847.0352850000002,331.47287924631746,470.58817343819163,139.11529419187417,173.8955678282582,2.847705148164239,STOP,73,0.0,331.47287924631746,FOLD_A_OLDEST
ETHUSDT,HARD_VETO_SPLIT,SHORT,BEAR,2026-02-05 07:00:00+00:00,2026-02-05 09:00:00+00:00,95,1,22000,8800.0,44000.0,2083.43016,-1134.142526974839,-1027.309755268517,106.8327717063222,133.53895364860165,-12.887983261077714,STOP,9,0.0,-1134.142526974839,FOLD_A_OLDEST
ETHUSDT,HARD_VETO_SPLIT,SHORT,BEAR,2026-02-24 01:45:00+00:00,2026-02-24 14:45:00+00:00,100,1,29800,11920.0,59600.0,1843.65037,326.47687706979707,468.9541321112636,142.4772550414665,178.0980246691867,2.7388999754177608,STOP,52,0.0,326.47687706979707,FOLD_A_OLDEST
ETHUSDT,HARD_VETO_SHORT_ONLY,SHORT,BEAR,2026-02-05 07:00:00+00:00,2026-02-05 09:00:00+00:00,95,1,22000,8800.0,44000.0,2083.43016,-1134.142526974839,-1027.309755268517,106.8327717063222,133.53895364860165,-12.887983261077714,STOP,9,0.0,-1134.142526974839,FOLD_A_OLDEST
ETHUSDT,HARD_VETO_SHORT_ONLY,SHORT,BEAR,2026-02-24 01:45:00+00:00,2026-02-24 14:45:00+00:00,100,1,29800,11920.0,59600.0,1843.65037,326.47687706979707,468.9541321112636,142.4772550414665,178.0980246691867,2.7388999754177608,STOP,52,0.0,326.47687706979707,FOLD_A_OLDEST
ETHUSDT,PRICE_ONLY_REFERENCE,LONG,BULL,2026-03-03 00:45:00+00:00,2026-03-03 01:45:00+00:00,85,1,30000,12000.0,60000.0,2037.9423350000002,-809.547877842899,-666.347494836703,143.20038300619595,178.99938222448782,-6.74623231535749,STOP,5,0.0,-809.547877842899,FOLD_B_MIDDLE
ETHUSDT,PRICE_ONLY_REFERENCE,SHORT,BEAR,2026-03-08 14:30:00+00:00,2026-03-08 19:30:00+00:00,95,1,30000,12000.0,60000.0,1939.2267900000002,-965.9058918037013,-820.9207868594699,144.98510494423135,181.2299418758907,-8.049215765030844,STOP,21,0.0,-965.9058918037013,FOLD_B_MIDDLE
ETHUSDT,PRICE_ONLY_REFERENCE,LONG,BULL,2026-03-16 12:45:00+00:00,2026-03-16 23:00:00+00:00,90,2,30000,21000.0,105000.0,2297.515464378607,2134.9738553814495,2389.841665379906,254.8678099984559,318.59085647125164,10.166542168483094,STOP,42,0.0,2134.9738553814495,FOLD_B_MIDDLE
ETHUSDT,PRICE_ONLY_REFERENCE,LONG,BULL,2026-03-17 14:15:00+00:00,2026-03-17 15:30:00+00:00,90,1,30000,12000.0,60000.0,2334.326245,-1014.631507171805,-871.6775201960402,142.95398697576474,178.69092449986522,-8.45526255976504,STOP,6,0.0,-1014.631507171805,FOLD_B_MIDDLE
ETHUSDT,PRICE_ONLY_REFERENCE,LONG,BULL,2026-03-17 17:45:00+00:00,2026-03-18 11:00:00+00:00,95,1,30000,12000.0,60000.0,2335.8385100000005,-1063.8423495517077,-920.9474865355504,142.89486301615733,178.61690852640496,-8.865352912930897,STOP,70,0.0,-1063.8423495517077,FOLD_B_MIDDLE
ETHUSDT,PRICE_ONLY_REFERENCE,SHORT,BEAR,2026-03-22 11:15:00+00:00,2026-03-22 22:15:00+00:00,90,1,30000,12000.0,60000.0,2077.77865,580.6408325638714,723.7723057969151,143.13147323304372,178.91637259083052,4.838673604698929,STOP,45,0.0,580.6408325638714,FOLD_B_MIDDLE
ETHUSDT,PRICE_ONLY_REFERENCE,SHORT,BEAR,2026-03-23 01:15:00+00:00,2026-03-23 11:00:00+00:00,90,1,30000,12000.0,60000.0,2046.62545,-1065.5218664358795,-920.4173655971629,145.1045008387166,181.37896321198755,-8.879348886965662,STOP,40,0.0,-1065.5218664358795,FOLD_B_MIDDLE
ETHUSDT,PRICE_ONLY_REFERENCE,SHORT,BEAR,2026-03-27 00:00:00+00:00,2026-03-27 02:00:00+00:00,90,1,30000,12000.0,60000.0,2056.5006150000004,-805.4555317980316,-660.6627365142145,144.79279528381704,180.9899148409151,-6.712129431650264,STOP,9,0.0,-805.4555317980316,FOLD_B_MIDDLE
ETHUSDT,PRICE_ONLY_REFERENCE,SHORT,BEAR,2026-03-28 02:30:00+00:00,2026-03-28 06:00:00+00:00,90,1,30000,12000.0,60000.0,1981.4333850000003,-621.7793487498047,-477.2067007089541,144.57264804085074,180.71514294505613,-5.18149457291504,STOP,15,0.0,-621.7793487498047,FOLD_B_MIDDLE
ETHUSDT,PRICE_ONLY_REFERENCE,SHORT,BEAR,2026-03-29 01:15:00+00:00,2026-03-29 03:15:00+00:00,90,1,30000,12000.0,60000.0,2000.1452750000003,-629.0521624778422,-484.4707975208172,144.58136495702496,180.7260227705368,-5.242101353982019,STOP,9,0.0,-629.0521624778422,FOLD_B_MIDDLE
ETHUSDT,HARD_VETO_SPLIT,SHORT,BEAR,2026-03-08 18:00:00+00:00,2026-03-08 19:00:00+00:00,100,1,30000,12000.0,60000.0,1931.7979500000001,-742.4277442177727,-597.7104916278192,144.71725258995338,180.89562790400146,-6.186897868481439,STOP,5,0.0,-742.4277442177727,FOLD_B_MIDDLE
ETHUSDT,HARD_VETO_SPLIT,LONG,BULL,2026-03-16 12:45:00+00:00,2026-03-16 23:00:00+00:00,90,1,30000,12000.0,60000.0,2284.94228,1359.6919110371257,1505.4985092482236,145.80659821109788,182.26204522512325,11.33076592530938,STOP,42,0.0,1359.6919110371257,FOLD_B_MIDDLE
ETHUSDT,HARD_VETO_LONG_ONLY,LONG,BULL,2026-03-16 12:45:00+00:00,2026-03-16 23:00:00+00:00,90,1,30000,12000.0,60000.0,2284.94228,1359.6919110371257,1505.4985092482236,145.80659821109788,182.26204522512325,11.33076592530938,STOP,42,0.0,1359.6919110371257,FOLD_B_MIDDLE
ETHUSDT,HARD_VETO_SHORT_ONLY,SHORT,BEAR,2026-03-08 18:00:00+00:00,2026-03-08 19:00:00+00:00,100,1,30000,12000.0,60000.0,1931.7979500000001,-742.4277442177727,-597.7104916278192,144.71725258995338,180.89562790400146,-6.186897868481439,STOP,5,0.0,-742.4277442177727,FOLD_B_MIDDLE
ETHUSDT,PRICE_ONLY_REFERENCE,SHORT,BEAR,2026-03-30 00:00:00+00:00,2026-03-30 00:15:00+00:00,90,1,30000,12000.0,60000.0,1980.614615,-1035.7088864638479,-890.6401183218616,145.06876814198623,181.33436423953754,-8.630907387198732,STOP,2,0.0,-1035.7088864638479,FOLD_C_LATEST_IN_WINDOW
ETHUSDT,PRICE_ONLY_REFERENCE,LONG,BULL,2026-04-06 16:30:00+00:00,2026-04-06 17:00:00+00:00,90,1,30000,12000.0,60000.0,2160.2355000000002,-887.9178750097635,-744.8116489885498,143.10622602121373,178.8815091837019,-7.399315625081362,STOP,3,0.0,-887.9178750097635,FOLD_C_LATEST_IN_WINDOW
ETHUSDT,PRICE_ONLY_REFERENCE,LONG,BULL,2026-04-08 06:30:00+00:00,2026-04-08 14:00:00+00:00,85,1,30000,12000.0,60000.0,2253.004445,-852.7088201389186,-709.5602924899065,143.14852764901212,178.93446565315355,-7.105906834490988,STOP,31,0.0,-852.7088201389186,FOLD_C_LATEST_IN_WINDOW
ETHUSDT,PRICE_ONLY_REFERENCE,LONG,BULL,2026-04-09 18:30:00+00:00,2026-04-10 00:15:00+00:00,85,1,30000,12000.0,60000.0,2211.462225,-1058.1867773855643,-915.2851195289991,142.90165785656518,178.62541483636934,-8.818223144879703,STOP,24,0.0,-1058.1867773855643,FOLD_C_LATEST_IN_WINDOW
ETHUSDT,PRICE_ONLY_REFERENCE,LONG,BULL,2026-04-14 14:15:00+00:00,2026-04-14 14:30:00+00:00,90,1,30000,12000.0,60000.0,2384.9520700000003,-751.3520676766975,-608.0817657956524,143.2703018810452,179.08691211288868,-6.261267230639146,STOP,2,0.0,-751.3520676766975,FOLD_C_LATEST_IN_WINDOW
ETHUSDT,PRICE_ONLY_REFERENCE,LONG,BULL,2026-04-16 03:30:00+00:00,2026-04-16 07:45:00+00:00,85,1,30000,12000.0,60000.0,2363.269595,-776.1880416245688,-632.9475787190316,143.24046290553716,179.0495573613723,-6.468233680204739,STOP,18,0.0,-776.1880416245688,FOLD_C_LATEST_IN_WINDOW
ETHUSDT,HARD_VETO_SPLIT,LONG,BULL,2026-04-14 14:15:00+00:00,2026-04-14 14:30:00+00:00,90,1,30000,12000.0,60000.0,2384.9520700000003,-751.3520676766975,-608.0817657956524,143.2703018810452,179.08691211288868,-6.261267230639146,STOP,2,0.0,-751.3520676766975,FOLD_C_LATEST_IN_WINDOW
ETHUSDT,HARD_VETO_LONG_ONLY,LONG,BULL,2026-04-14 14:15:00+00:00,2026-04-14 14:30:00+00:00,90,1,30000,12000.0,60000.0,2384.9520700000003,-751.3520676766975,-608.0817657956524,143.2703018810452,179.08691211288868,-6.261267230639146,STOP,2,0.0,-751.3520676766975,FOLD_C_LATEST_IN_WINDOW
SOLUSDT,PRICE_ONLY_REFERENCE,SHORT,BEAR,2026-02-03 12:30:00+00:00,2026-02-03 15:15:00+00:00,90,1,30000,12000.0,60000.0,102.94934400000001,456.8532448007625,600.1330850986442,143.2798402978816,179.10155365028322,3.807110373339688,STOP,12,0.0,456.8532448007625,FOLD_A_OLDEST
SOLUSDT,PRICE_ONLY_REFERENCE,SHORT,BEAR,2026-02-03 19:30:00+00:00,2026-02-03 20:30:00+00:00,90,1,21200,8480.0,42400.0,99.1979795,-1135.8334576502,-1032.8340567820615,102.99940086813847,128.74721688978266,-13.394262472290094,STOP,5,0.0,-1135.8334576502,FOLD_A_OLDEST
SOLUSDT,PRICE_ONLY_REFERENCE,SHORT,BEAR,2026-02-04 07:15:00+00:00,2026-02-04 17:30:00+00:00,90,1,24800,9920.0,49600.0,97.5824065,2415.2339997550107,2531.236515935888,116.00251618087692,145.00916677888017,24.34711693301422,TP3_4.0R,42,0.0,2415.2339997550107,FOLD_A_OLDEST
SOLUSDT,PRICE_ONLY_REFERENCE,SHORT,BEAR,2026-02-05 03:00:00+00:00,2026-02-05 09:00:00+00:00,85,1,19500,7800.0,39000.0,90.7406845,-1140.161136162992,-1045.3067680413426,94.8543681216496,118.5658749850506,-14.617450463628105,STOP,25,0.0,-1140.161136162992,FOLD_A_OLDEST
SOLUSDT,PRICE_ONLY_REFERENCE,SHORT,BEAR,2026-02-05 14:15:00+00:00,2026-02-05 14:30:00+00:00,90,1,25400,10160.0,50800.0,89.27987900000001,-1124.7556844758274,-1001.6337240070188,123.1219604688084,153.9005431863541,-11.070429965313261,STOP,2,0.0,-1124.7556844758274,FOLD_A_OLDEST
SOLUSDT,PRICE_ONLY_REFERENCE,SHORT,BEAR,2026-02-06 01:15:00+00:00,2026-02-06 13:00:00+00:00,90,1,7500,3000.0,15000.0,76.3163535,-1173.9466725717239,-1136.5827732438313,37.3638993278926,46.70242192907473,-39.131555752390796,STOP,48,0.0,-1173.9466725717239,FOLD_A_OLDEST
SOLUSDT,PRICE_ONLY_REFERENCE,SHORT,BEAR,2026-02-07 10:15:00+00:00,2026-02-07 12:15:00+00:00,90,1,24100,9640.0,48200.0,84.94938450000001,-1127.6984464408108,-1010.8054798649729,116.89296657583796,146.1142626645539,-11.698116664323765,STOP,9,0.0,-1127.6984464408108,FOLD_A_OLDEST
SOLUSDT,PRICE_ONLY_REFERENCE,SHORT,BEAR,2026-02-09 14:00:00+00:00,2026-02-09 14:30:00+00:00,85,1,30000,12000.0,60000.0,83.5794425,-1009.083004608958,-864.0461492298822,145.03685537907586,181.29453303271455,-8.409025038407984,STOP,3,0.0,-1009.083004608958,FOLD_A_OLDEST
SOLUSDT,PRICE_ONLY_REFERENCE,SHORT,BEAR,2026-02-10 14:30:00+00:00,2026-02-10 16:00:00+00:00,85,1,30000,12000.0,60000.0,84.0507345,-801.1017581965909,-656.3141811791759,144.787577017415,180.98340177752016,-6.6758479849715915,STOP,7,0.0,-801.1017581965909,FOLD_A_OLDEST
SOLUSDT,PRICE_ONLY_REFERENCE,SHORT,BEAR,2026-02-11 08:45:00+00:00,2026-02-11 14:00:00+00:00,90,1,28800,11520.0,57600.0,80.93940850000001,-1115.7398927877412,-976.3282988291462,139.41159395859495,174.2626878006144,-9.685242124893586,STOP,22,0.0,-1115.7398927877412,FOLD_A_OLDEST
SOLUSDT,PRICE_ONLY_REFERENCE,SHORT,BEAR,2026-02-12 19:30:00+00:00,2026-02-13 08:45:00+00:00,90,1,22500,9000.0,45000.0,77.9618815,-1130.5642447079838,-1021.3386383419734,109.22560636601035,136.53001713811025,-12.56182494119982,STOP,54,0.0,-1130.5642447079838,FOLD_A_OLDEST
SOLUSDT,PRICE_ONLY_REFERENCE,SHORT,BEAR,2026-02-16 16:45:00+00:00,2026-02-16 20:45:00+00:00,90,1,26600,10640.0,53200.0,83.80710050000002,-1121.7619481673285,-992.8904795918183,128.87146857551016,161.08746416260158,-10.542875452700455,STOP,17,0.0,-1121.7619481673285,FOLD_A_OLDEST
SOLUSDT,PRICE_ONLY_REFERENCE,SHORT,BEAR,2026-02-18 22:00:00+00:00,2026-02-19 01:00:00+00:00,85,1,30000,12000.0,60000.0,81.102164,-678.577980203747,-533.9372554971504,144.6407247065966,180.8001113246712,-5.6548165016978915,STOP,13,0.0,-678.577980203747,FOLD_A_OLDEST
SOLUSDT,PRICE_ONLY_REFERENCE,SHORT,BEAR,2026-02-23 19:00:00+00:00,2026-02-24 01:30:00+00:00,95,2,25400,17780.0,88900.0,77.96568313478863,631.9360821597163,844.2829426285621,212.3468604688457,265.43607245383447,3.5541961876249513,STOP,27,0.0,631.9360821597163,FOLD_A_OLDEST
SOLUSDT,PRICE_ONLY_REFERENCE,SHORT,BEAR,2026-02-24 05:15:00+00:00,2026-02-24 17:00:00+00:00,90,1,26300,10520.0,52600.0,77.05124950000001,-1121.558359829263,-994.1254093380576,127.43295049120564,159.28930973277926,-10.661201139061435,STOP,47,0.0,-1121.558359829263,FOLD_A_OLDEST
SOLUSDT,PRICE_ONLY_REFERENCE,LONG,BULL,2026-02-27 06:15:00+00:00,2026-02-27 09:45:00+00:00,90,1,30000,12000.0,60000.0,87.37186150000001,-925.9099516479541,-782.8493708930257,143.06058075492837,178.82436688740495,-7.715916263732951,STOP,15,0.0,-925.9099516479541,FOLD_A_OLDEST
SOLUSDT,HARD_VETO_SPLIT,SHORT,BEAR,2026-02-04 12:30:00+00:00,2026-02-04 19:00:00+00:00,100,1,25500,10200.0,51000.0,95.7271935,1455.2929168706507,1575.801954525221,120.50903765456971,150.64018156301904,14.26757761637893,STOP,27,0.0,1455.2929168706507,FOLD_A_OLDEST
SOLUSDT,HARD_VETO_SPLIT,SHORT,BEAR,2026-02-05 06:15:00+00:00,2026-02-05 08:30:00+00:00,100,1,21100,8440.0,42200.0,90.1675455,-1135.7121430029147,-1033.1923122282408,102.51983077467388,128.1477521180816,-13.456305011882874,STOP,10,0.0,-1135.7121430029147,FOLD_A_OLDEST
SOLUSDT,HARD_VETO_SPLIT,SHORT,BEAR,2026-02-19 15:00:00+00:00,2026-02-19 17:15:00+00:00,100,1,30000,12000.0,60000.0,80.614896,-867.8756119874361,-723.0080023845745,144.86760960286148,181.08329267298345,-7.2322967665619675,STOP,10,0.0,-867.8756119874361,FOLD_A_OLDEST
SOLUSDT,HARD_VETO_SPLIT,SHORT,BEAR,2026-02-24 01:45:00+00:00,2026-02-24 22:00:00+00:00,100,1,25900,10360.0,51800.0,77.56947100000001,-1123.9338149532837,-998.4157160939709,125.51809885931276,156.89573015417545,-10.848781997618568,STOP,81,0.0,-1123.9338149532837,FOLD_A_OLDEST
SOLUSDT,HARD_VETO_SHORT_ONLY,SHORT,BEAR,2026-02-04 12:30:00+00:00,2026-02-04 19:00:00+00:00,100,1,25500,10200.0,51000.0,95.7271935,1455.2929168706507,1575.801954525221,120.50903765456971,150.64018156301904,14.26757761637893,STOP,27,0.0,1455.2929168706507,FOLD_A_OLDEST
SOLUSDT,HARD_VETO_SHORT_ONLY,SHORT,BEAR,2026-02-05 06:15:00+00:00,2026-02-05 08:30:00+00:00,100,1,21100,8440.0,42200.0,90.1675455,-1135.7121430029147,-1033.1923122282408,102.51983077467388,128.1477521180816,-13.456305011882874,STOP,10,0.0,-1135.7121430029147,FOLD_A_OLDEST
SOLUSDT,HARD_VETO_SHORT_ONLY,SHORT,BEAR,2026-02-19 15:00:00+00:00,2026-02-19 17:15:00+00:00,100,1,30000,12000.0,60000.0,80.614896,-867.8756119874361,-723.0080023845745,144.86760960286148,181.08329267298345,-7.2322967665619675,STOP,10,0.0,-867.8756119874361,FOLD_A_OLDEST
SOLUSDT,HARD_VETO_SHORT_ONLY,SHORT,BEAR,2026-02-24 01:45:00+00:00,2026-02-24 22:00:00+00:00,100,1,25900,10360.0,51800.0,77.56947100000001,-1123.9338149532837,-998.4157160939709,125.51809885931276,156.89573015417545,-10.848781997618568,STOP,81,0.0,-1123.9338149532837,FOLD_A_OLDEST
SOLUSDT,PRICE_ONLY_REFERENCE,LONG,BULL,2026-03-01 16:15:00+00:00,2026-03-01 16:45:00+00:00,85,1,26800,10720.0,53600.0,85.88763850000001,-1114.229931944094,-986.7740608170745,127.45587112701949,159.3179771325852,-10.393935932314308,STOP,3,0.0,-1114.229931944094,FOLD_B_MIDDLE
SOLUSDT,PRICE_ONLY_REFERENCE,LONG,BULL,2026-03-02 03:30:00+00:00,2026-03-02 06:15:00+00:00,95,1,24300,9720.0,48600.0,84.9502345,-1120.0518127273253,-1004.6173535515873,115.43445917573808,144.29113823568287,-11.523166797606228,STOP,12,0.0,-1120.0518127273253,FOLD_B_MIDDLE
SOLUSDT,PRICE_ONLY_REFERENCE,LONG,BULL,2026-03-05 12:15:00+00:00,2026-03-05 13:30:00+00:00,90,1,30000,12000.0,60000.0,91.76944800000001,-1079.0242984959007,-936.1476757067488,142.8766227891519,178.59407399084057,-8.991869154132505,STOP,6,0.0,-1079.0242984959007,FOLD_B_MIDDLE
SOLUSDT,PRICE_ONLY_REFERENCE,SHORT,BEAR,2026-03-08 15:15:00+00:00,2026-03-08 22:30:00+00:00,95,1,30000,12000.0,60000.0,82.12462800000002,227.80415272347315,371.35852249647735,143.55436977300423,179.4442015223779,1.8983679393622763,STOP,30,0.0,227.80415272347315,FOLD_B_MIDDLE
SOLUSDT,PRICE_ONLY_REFERENCE,LONG,BULL,2026-03-15 09:45:00+00:00,2026-03-15 13:00:00+00:00,90,1,30000,12000.0,60000.0,88.604708,-602.961766502111,-459.5131823208961,143.44858418121493,179.3100997695872,-5.0246813875175915,STOP,13,0.0,-602.961766502111,FOLD_B_MIDDLE
SOLUSDT,PRICE_ONLY_REFERENCE,LONG,BULL,2026-03-16 12:45:00+00:00,2026-03-16 14:30:00+00:00,90,1,30000,12000.0,60000.0,93.8896235,-833.425271549709,-690.2535758407179,143.17169570899114,178.9634692335026,-6.945210596247575,STOP,8,0.0,-833.425271549709,FOLD_B_MIDDLE
SOLUSDT,PRICE_ONLY_REFERENCE,LONG,BULL,2026-03-17 00:15:00+00:00,2026-03-17 00:45:00+00:00,85,1,27600,11040.0,55200.0,96.8440485,-1110.8836328517655,-979.5791278051316,131.30450504663384,164.12879654504104,-10.062351746845701,STOP,3,0.0,-1110.8836328517655,FOLD_B_MIDDLE
SOLUSDT,PRICE_ONLY_REFERENCE,SHORT,BEAR,2026-03-22 15:00:00+00:00,2026-03-22 22:45:00+00:00,85,1,30000,12000.0,60000.0,87.03125700000001,453.64562471651146,596.9293095450573,143.28368482854592,179.10635211592313,3.7803802059709293,STOP,32,0.0,453.64562471651146,FOLD_B_MIDDLE
SOLUSDT,PRICE_ONLY_REFERENCE,SHORT,BEAR,2026-03-23 01:15:00+00:00,2026-03-23 03:00:00+00:00,90,1,30000,12000.0,60000.0,86.042742,-951.5937282650768,-806.6257773322781,144.96795093279871,181.20853147719345,-7.929947735542307,STOP,8,0.0,-951.5937282650768,FOLD_B_MIDDLE
SOLUSDT,PRICE_ONLY_REFERENCE,SHORT,BEAR,2026-03-23 10:00:00+00:00,2026-03-23 11:00:00+00:00,90,1,30000,12000.0,60000.0,85.5804365,-874.1776228015058,-729.3024598496861,144.87516295181962,181.09272021786566,-7.284813523345882,STOP,5,0.0,-874.1776228015058,FOLD_B_MIDDLE
SOLUSDT,PRICE_ONLY_REFERENCE,SHORT,BEAR,2026-03-27 06:45:00+00:00,2026-03-27 10:45:00+00:00,85,1,30000,12000.0,60000.0,85.976841,1214.2622377698565,1356.634276637891,142.3720388680345,177.96850144129587,10.118851981415471,TP3_4.0R,17,0.0,1214.2622377698565,FOLD_B_MIDDLE
SOLUSDT,PRICE_ONLY_REFERENCE,SHORT,BEAR,2026-03-27 16:15:00+00:00,2026-03-28 13:30:00+00:00,85,1,30000,12000.0,60000.0,82.749689,-1064.5605562256756,-919.4572075765838,145.1033486490919,181.3775251320783,-8.871337968547296,STOP,85,0.0,-1064.5605562256756,FOLD_B_MIDDLE
SOLUSDT,PRICE_ONLY_REFERENCE,SHORT,BEAR,2026-03-29 01:15:00+00:00,2026-03-29 03:15:00+00:00,90,1,30000,12000.0,60000.0,82.18753350000001,-753.696627695944,-608.9658686535597,144.73075904238425,180.91248568287045,-6.280805230799534,STOP,9,0.0,-753.696627695944,FOLD_B_MIDDLE
SOLUSDT,HARD_VETO_SPLIT,LONG,BULL,2026-03-05 12:15:00+00:00,2026-03-05 13:30:00+00:00,90,1,30000,12000.0,60000.0,91.76944800000001,-1079.0242984959007,-936.1476757067488,142.8766227891519,178.59407399084057,-8.991869154132505,STOP,6,0.0,-1079.0242984959007,FOLD_B_MIDDLE
SOLUSDT,HARD_VETO_SPLIT,LONG,BULL,2026-03-16 12:45:00+00:00,2026-03-16 14:30:00+00:00,90,1,30000,12000.0,60000.0,93.8896235,-833.425271549709,-690.2535758407179,143.17169570899114,178.9634692335026,-6.945210596247575,STOP,8,0.0,-833.425271549709,FOLD_B_MIDDLE
SOLUSDT,HARD_VETO_LONG_ONLY,LONG,BULL,2026-03-05 12:15:00+00:00,2026-03-05 13:30:00+00:00,90,1,30000,12000.0,60000.0,91.76944800000001,-1079.0242984959007,-936.1476757067488,142.8766227891519,178.59407399084057,-8.991869154132505,STOP,6,0.0,-1079.0242984959007,FOLD_B_MIDDLE
SOLUSDT,HARD_VETO_LONG_ONLY,LONG,BULL,2026-03-16 12:45:00+00:00,2026-03-16 14:30:00+00:00,90,1,30000,12000.0,60000.0,93.8896235,-833.425271549709,-690.2535758407179,143.17169570899114,178.9634692335026,-6.945210596247575,STOP,8,0.0,-833.425271549709,FOLD_B_MIDDLE
SOLUSDT,PRICE_ONLY_REFERENCE,SHORT,BEAR,2026-03-29 18:30:00+00:00,2026-03-29 20:15:00+00:00,95,1,30000,12000.0,60000.0,81.3907305,-744.619007083139,-599.8991281293837,144.71987895375526,180.89890594169873,-6.2051583923594915,STOP,8,0.0,-744.619007083139,FOLD_C_LATEST_IN_WINDOW
SOLUSDT,PRICE_ONLY_REFERENCE,SHORT,BEAR,2026-03-29 23:15:00+00:00,2026-03-30 00:15:00+00:00,90,1,29900,11960.0,59800.0,81.032269,-1110.9962516302203,-966.3166716242712,144.6795800059491,180.84770770227334,-9.28926631797843,STOP,5,0.0,-1110.9962516302203,FOLD_C_LATEST_IN_WINDOW
SOLUSDT,PRICE_ONLY_REFERENCE,SHORT,BEAR,2026-04-02 08:30:00+00:00,2026-04-02 13:45:00+00:00,85,2,30000,21000.0,105000.0,78.8445374326592,1084.364833811178,1334.7631180694946,250.3982842583166,313.00156279342025,5.1636420657675135,STOP,22,0.0,1084.364833811178,FOLD_C_LATEST_IN_WINDOW
SOLUSDT,PRICE_ONLY_REFERENCE,LONG,BULL,2026-04-11 22:30:00+00:00,2026-04-11 22:30:00+00:00,85,1,30000,12000.0,60000.0,85.7374135,-728.0753412623719,-584.777073750873,143.29826751149895,179.12192166528095,-6.067294510519766,STOP,1,0.0,-728.0753412623719,FOLD_C_LATEST_IN_WINDOW
SOLUSDT,PRICE_ONLY_REFERENCE,LONG,BULL,2026-04-14 07:15:00+00:00,2026-04-14 14:30:00+00:00,85,1,30000,12000.0,60000.0,86.09394750000001,139.8410806788072,284.1820991978446,144.3410185190374,180.4273185199887,1.1653423389900601,STOP,30,0.0,139.8410806788072,FOLD_C_LATEST_IN_WINDOW
SOLUSDT,PRICE_ONLY_REFERENCE,LONG,BULL,2026-04-16 03:15:00+00:00,2026-04-16 13:45:00+00:00,85,1,30000,12000.0,60000.0,85.275722,-803.3150232892963,-660.1071518715421,143.20787141775412,179.00875680079992,-6.694291860744135,STOP,43,0.0,-803.3150232892963,FOLD_C_LATEST_IN_WINDOW
SOLUSDT,PRICE_ONLY_REFERENCE,LONG,BULL,2026-04-17 10:00:00+00:00,2026-04-17 10:30:00+00:00,95,1,30000,12000.0,60000.0,88.78798250000001,-910.7246714964974,-767.6458465123122,143.07882498418522,178.84720643329933,-7.589372262470811,STOP,3,0.0,-910.7246714964974,FOLD_C_LATEST_IN_WINDOW
SOLUSDT,HARD_VETO_SPLIT,LONG,BULL,2026-04-14 10:45:00+00:00,2026-04-14 11:15:00+00:00,90,1,30000,12000.0,60000.0,86.19209450000001,-628.6050846630935,-485.18730943441483,143.4177752286787,179.27153072534645,-5.23837570552578,STOP,3,0.0,-628.6050846630935,FOLD_C_LATEST_IN_WINDOW
SOLUSDT,HARD_VETO_LONG_ONLY,LONG,BULL,2026-04-14 10:45:00+00:00,2026-04-14 11:15:00+00:00,90,1,30000,12000.0,60000.0,86.19209450000001,-628.6050846630935,-485.18730943441483,143.4177752286787,179.27153072534645,-5.23837570552578,STOP,3,0.0,-628.6050846630935,FOLD_C_LATEST_IN_WINDOW
XRPUSDT,PRICE_ONLY_REFERENCE,SHORT,BEAR,2026-02-03 01:30:00+00:00,2026-02-03 19:00:00+00:00,90,2,30000,21000.0,105000.0,1.6032672062438178,2178.9970507165117,2428.083350695677,249.08629997916518,311.3640387305842,10.376176431983389,STOP,70,0.0,2178.9970507165117,FOLD_A_OLDEST
XRPUSDT,PRICE_ONLY_REFERENCE,SHORT,BEAR,2026-02-04 02:45:00+00:00,2026-02-04 03:00:00+00:00,85,1,29600,11840.0,59200.0,1.5788282,-1113.4217802355085,-970.1775671549226,143.2442130805859,179.05348632154897,-9.403900170908011,STOP,2,0.0,-1113.4217802355085,FOLD_A_OLDEST
XRPUSDT,PRICE_ONLY_REFERENCE,SHORT,BEAR,2026-02-04 13:15:00+00:00,2026-02-04 17:15:00+00:00,85,2,30000,21000.0,105000.0,1.580325444677102,2616.3814410454056,2864.9435088348037,248.5620677893982,310.7097299565362,12.45895924307336,TP3_4.0R,17,0.0,2616.3814410454056,FOLD_A_OLDEST
XRPUSDT,PRICE_ONLY_REFERENCE,SHORT,BEAR,2026-02-05 00:30:00+00:00,2026-02-05 10:45:00+00:00,90,2,21000,14700.0,73500.0,1.5009835488361682,4520.952725417132,4691.72265822726,170.76993281012727,213.473452703908,30.7547804450145,TP3_4.0R,42,0.0,4520.952725417132,FOLD_A_OLDEST
XRPUSDT,PRICE_ONLY_REFERENCE,SHORT,BEAR,2026-02-05 15:00:00+00:00,2026-02-05 17:15:00+00:00,85,1,19500,7800.0,39000.0,1.3539660000000002,2613.6181356073103,2703.973367566231,90.35523195892051,112.950378027077,33.50792481547833,TP3_4.0R,10,0.0,2613.6181356073103,FOLD_A_OLDEST
XRPUSDT,PRICE_ONLY_REFERENCE,SHORT,BEAR,2026-02-10 21:45:00+00:00,2026-02-11 00:45:00+00:00,90,1,30000,12000.0,60000.0,1.3915096,-1025.454449233877,-880.3979716678757,145.05647756600143,181.3190240298693,-8.545453743615642,STOP,13,0.0,-1025.454449233877,FOLD_A_OLDEST
XRPUSDT,PRICE_ONLY_REFERENCE,SHORT,BEAR,2026-02-19 16:30:00+00:00,2026-02-19 17:15:00+00:00,90,1,26900,10760.0,53800.0,1.38541875,-1121.2434899624525,-990.9343687199884,130.30912124246396,162.88453844096733,-10.420478531249557,STOP,4,0.0,-1121.2434899624525,FOLD_A_OLDEST
XRPUSDT,PRICE_ONLY_REFERENCE,SHORT,BEAR,2026-02-20 14:45:00+00:00,2026-02-20 15:00:00+00:00,90,1,30000,12000.0,60000.0,1.39919805,-961.626864858039,-816.6468885917288,144.97997626631008,181.22354063035647,-8.013557207150326,STOP,2,0.0,-961.626864858039,FOLD_A_OLDEST
XRPUSDT,PRICE_ONLY_REFERENCE,SHORT,BEAR,2026-02-23 18:15:00+00:00,2026-02-25 01:15:00+00:00,90,2,24800,17360.0,86800.0,1.3543674678463993,-2576.3771551432787,-2365.2188924723123,211.15826267096676,263.9431004681745,-14.840882230088011,STOP,124,0.0,-2576.3771551432787,FOLD_A_OLDEST
XRPUSDT,HARD_VETO_SPLIT,SHORT,BEAR,2026-02-24 02:45:00+00:00,2026-02-24 16:00:00+00:00,100,1,30000,12000.0,60000.0,1.3443804000000001,-1073.9916673056882,-928.8770148878227,145.1146524178654,181.3916336802183,-8.949930560880736,STOP,53,0.0,-1073.9916673056882,FOLD_A_OLDEST
XRPUSDT,HARD_VETO_SHORT_ONLY,SHORT,BEAR,2026-02-24 02:45:00+00:00,2026-02-24 16:00:00+00:00,100,1,30000,12000.0,60000.0,1.3443804000000001,-1073.9916673056882,-928.8770148878227,145.1146524178654,181.3916336802183,-8.949930560880736,STOP,53,0.0,-1073.9916673056882,FOLD_A_OLDEST
XRPUSDT,PRICE_ONLY_REFERENCE,SHORT,BEAR,2026-02-28 04:45:00+00:00,2026-02-28 06:45:00+00:00,90,1,30000,12000.0,60000.0,1.3513699,1038.7928428989876,1181.3751926677862,142.58234976879865,178.23099632492915,8.65660702415823,TP3_4.0R,9,0.0,1038.7928428989876,FOLD_B_MIDDLE
XRPUSDT,PRICE_ONLY_REFERENCE,LONG,BULL,2026-03-13 08:15:00+00:00,2026-03-13 11:45:00+00:00,85,1,30000,12000.0,60000.0,1.4174229500000002,145.0860896909871,289.43340978272636,144.34732009173928,180.43520731906395,1.2090507474248926,STOP,14,0.0,145.0860896909871,FOLD_B_MIDDLE
XRPUSDT,PRICE_ONLY_REFERENCE,LONG,BULL,2026-03-13 14:45:00+00:00,2026-03-13 15:00:00+00:00,90,1,30000,12000.0,60000.0,1.43645145,-1005.989072470008,-863.024702112543,142.96437035746493,178.70392322508303,-8.383242270583398,STOP,2,0.0,-1005.989072470008,FOLD_B_MIDDLE
XRPUSDT,PRICE_ONLY_REFERENCE,LONG,BULL,2026-03-15 05:30:00+00:00,2026-03-15 06:15:00+00:00,85,1,30000,12000.0,60000.0,1.4189252,-598.590965734498,-455.13713029084704,143.45383544365097,179.31667370853415,-4.988258047787483,STOP,4,0.0,-598.590965734498,FOLD_B_MIDDLE
XRPUSDT,PRICE_ONLY_REFERENCE,LONG,BULL,2026-03-16 10:00:00+00:00,2026-03-16 18:15:00+00:00,85,2,30000,21000.0,105000.0,1.4798706840683225,2142.5160121236167,2397.392883583918,254.87687146030072,318.60220031431663,10.20245720058865,TP3_4.0R,34,0.0,2142.5160121236167,FOLD_B_MIDDLE
XRPUSDT,PRICE_ONLY_REFERENCE,LONG,BULL,2026-03-16 22:15:00+00:00,2026-03-17 03:15:00+00:00,85,1,29800,11920.0,59600.0,1.5427106000000002,1176.714352979815,1321.3399609329344,144.62560795311953,180.78538972344074,9.871764706206502,STOP,21,0.0,1176.714352979815,FOLD_B_MIDDLE
XRPUSDT,PRICE_ONLY_REFERENCE,LONG,BULL,2026-03-17 20:15:00+00:00,2026-03-18 00:15:00+00:00,90,1,30000,12000.0,60000.0,1.5297912500000002,-811.7430418381665,-668.5452961935988,143.19774564456768,178.9960805699702,-6.764525348651388,STOP,17,0.0,-811.7430418381665,FOLD_B_MIDDLE
XRPUSDT,PRICE_ONLY_REFERENCE,SHORT,BEAR,2026-03-22 19:00:00+00:00,2026-03-22 21:30:00+00:00,90,1,30000,12000.0,60000.0,1.3853189000000001,116.6241411435628,260.311767023135,143.68762587957224,179.61052217461517,0.9718678428630233,STOP,11,0.0,116.6241411435628,FOLD_B_MIDDLE
XRPUSDT,PRICE_ONLY_REFERENCE,SHORT,BEAR,2026-03-23 00:45:00+00:00,2026-03-23 05:00:00+00:00,85,1,30000,12000.0,60000.0,1.37882865,-861.771043682603,-716.910750781665,144.860292900938,181.07416049384767,-7.181425364021692,STOP,18,0.0,-861.771043682603,FOLD_B_MIDDLE
XRPUSDT,PRICE_ONLY_REFERENCE,SHORT,BEAR,2026-03-23 10:00:00+00:00,2026-03-23 11:00:00+00:00,90,1,30000,12000.0,60000.0,1.3665471,-845.8976999055965,-701.0564321869721,144.84126771862435,181.0504146347411,-7.049147499213304,STOP,5,0.0,-845.8976999055965,FOLD_B_MIDDLE
XRPUSDT,PRICE_ONLY_REFERENCE,SHORT,BEAR,2026-03-27 19:30:00+00:00,2026-03-28 05:15:00+00:00,90,1,30000,12000.0,60000.0,1.3247099500000001,-824.1438563568889,-679.3286619625339,144.81519439435505,181.01787179366164,-6.867865469640741,STOP,39,0.0,-824.1438563568889,FOLD_B_MIDDLE
XRPUSDT,HARD_VETO_SPLIT,LONG,BULL,2026-03-15 12:45:00+00:00,2026-03-15 14:30:00+00:00,100,1,30000,12000.0,60000.0,1.4209282,-558.7152790144288,-415.21353525673686,143.50174375769188,179.37664906411499,-4.655960658453574,STOP,8,0.0,-558.7152790144288,FOLD_B_MIDDLE
XRPUSDT,HARD_VETO_SPLIT,LONG,BULL,2026-03-16 14:30:00+00:00,2026-03-16 22:45:00+00:00,90,1,30000,12000.0,60000.0,1.4814188000000001,1660.2228483901022,1806.3905170105147,146.1676686204126,182.7140612608145,13.835190403250852,TP3_4.0R,34,0.0,1660.2228483901022,FOLD_B_MIDDLE
XRPUSDT,HARD_VETO_SPLIT,SHORT,BEAR,2026-03-23 04:15:00+00:00,2026-03-23 05:00:00+00:00,100,1,30000,12000.0,60000.0,1.37743075,-856.6710457862166,-711.8168655475596,144.85418023865708,181.06653111006722,-7.138925381551806,STOP,4,0.0,-856.6710457862166,FOLD_B_MIDDLE
XRPUSDT,HARD_VETO_LONG_ONLY,LONG,BULL,2026-03-15 12:45:00+00:00,2026-03-15 14:30:00+00:00,100,1,30000,12000.0,60000.0,1.4209282,-558.7152790144288,-415.21353525673686,143.50174375769188,179.37664906411499,-4.655960658453574,STOP,8,0.0,-558.7152790144288,FOLD_B_MIDDLE
XRPUSDT,HARD_VETO_LONG_ONLY,LONG,BULL,2026-03-16 14:30:00+00:00,2026-03-16 22:45:00+00:00,90,1,30000,12000.0,60000.0,1.4814188000000001,1660.2228483901022,1806.3905170105147,146.1676686204126,182.7140612608145,13.835190403250852,TP3_4.0R,34,0.0,1660.2228483901022,FOLD_B_MIDDLE
XRPUSDT,HARD_VETO_SHORT_ONLY,SHORT,BEAR,2026-03-23 04:15:00+00:00,2026-03-23 05:00:00+00:00,100,1,30000,12000.0,60000.0,1.37743075,-856.6710457862166,-711.8168655475596,144.85418023865708,181.06653111006722,-7.138925381551806,STOP,4,0.0,-856.6710457862166,FOLD_B_MIDDLE
XRPUSDT,PRICE_ONLY_REFERENCE,SHORT,BEAR,2026-03-31 06:45:00+00:00,2026-03-31 14:00:00+00:00,90,1,30000,12000.0,60000.0,1.31931805,-749.0895458007802,-604.3643086304237,144.7252371703565,180.9055936808387,-6.242412881673168,STOP,30,0.0,-749.0895458007802,FOLD_C_LATEST_IN_WINDOW
XRPUSDT,PRICE_ONLY_REFERENCE,SHORT,BEAR,2026-04-02 15:15:00+00:00,2026-04-02 16:30:00+00:00,85,1,30000,12000.0,60000.0,1.29415585,-683.1569843027937,-538.5107713771412,144.64621292565255,180.80696132348854,-5.692974869189948,STOP,6,0.0,-683.1569843027937,FOLD_C_LATEST_IN_WINDOW
XRPUSDT,PRICE_ONLY_REFERENCE,LONG,BULL,2026-04-15 20:45:00+00:00,2026-04-16 13:45:00+00:00,90,1,30000,12000.0,60000.0,1.3892808,954.642829202763,1099.962784544216,145.31995534145307,181.6528278119417,7.955356910023024,STOP,69,0.0,954.642829202763,FOLD_C_LATEST_IN_WINDOW
XRPUSDT,PRICE_ONLY_REFERENCE,LONG,BULL,2026-04-17 10:15:00+00:00,2026-04-17 14:30:00+00:00,90,1,30000,12000.0,60000.0,1.4450643500000002,1440.521012144627,1586.4247218108,145.90370966617297,182.38361690148255,12.004341767871892,TP3_4.0R,18,0.0,1440.521012144627,FOLD_C_LATEST_IN_WINDOW
XRPUSDT,HARD_VETO_SPLIT,LONG,BULL,2026-04-15 20:45:00+00:00,2026-04-16 13:45:00+00:00,90,1,30000,12000.0,60000.0,1.3892808,954.642829202763,1099.962784544216,145.31995534145307,181.6528278119417,7.955356910023024,STOP,69,0.0,954.642829202763,FOLD_C_LATEST_IN_WINDOW
XRPUSDT,HARD_VETO_LONG_ONLY,LONG,BULL,2026-04-15 20:45:00+00:00,2026-04-16 13:45:00+00:00,90,1,30000,12000.0,60000.0,1.3892808,954.642829202763,1099.962784544216,145.31995534145307,181.6528278119417,7.955356910023024,STOP,69,0.0,954.642829202763,FOLD_C_LATEST_IN_WINDOW
DOGEUSDT,PRICE_ONLY_REFERENCE,SHORT,BEAR,2026-02-04 21:30:00+00:00,2026-02-05 17:00:00+00:00,85,3,21300,21300.0,106500.0,0.101459264337565,6498.250658897586,6745.7557519951915,247.50509309760574,309.3972404662415,30.50821905585721,TP3_4.0R,79,0.0,6498.250658897586,FOLD_A_OLDEST
DOGEUSDT,PRICE_ONLY_REFERENCE,SHORT,BEAR,2026-02-05 19:30:00+00:00,2026-02-06 00:45:00+00:00,90,1,12400,4960.0,24800.0,0.09171222500000001,1599.289627884834,1656.8214421542489,57.5318142694149,71.91865750199199,32.243742497678106,STOP,22,0.0,1599.289627884834,FOLD_A_OLDEST
DOGEUSDT,PRICE_ONLY_REFERENCE,SHORT,BEAR,2026-02-07 10:30:00+00:00,2026-02-07 12:00:00+00:00,90,1,28700,11480.0,57400.0,0.09506718500000001,-1112.6326372827132,-973.7041922520107,138.9284450307024,173.65875618614217,-9.691921927549767,STOP,7,0.0,-1112.6326372827132,FOLD_A_OLDEST
DOGEUSDT,PRICE_ONLY_REFERENCE,SHORT,BEAR,2026-02-10 15:15:00+00:00,2026-02-10 17:15:00+00:00,90,1,30000,12000.0,60000.0,0.09240119000000001,-1064.1391705097838,-919.0363269174827,145.10284359230099,181.37689475665348,-8.867826420914865,STOP,9,0.0,-1064.1391705097838,FOLD_A_OLDEST
DOGEUSDT,PRICE_ONLY_REFERENCE,SHORT,BEAR,2026-02-11 09:30:00+00:00,2026-02-11 14:00:00+00:00,90,1,30000,12000.0,60000.0,0.09010464,-973.2533789819927,-828.2594676208477,144.99391136114502,181.24093340973667,-8.110444824849939,STOP,19,0.0,-973.2533789819927,FOLD_A_OLDEST
DOGEUSDT,PRICE_ONLY_REFERENCE,SHORT,BEAR,2026-02-12 21:00:00+00:00,2026-02-12 22:45:00+00:00,90,1,26000,10400.0,52000.0,0.090773635,-1121.5901132538097,-995.5953987752795,125.99471447853031,157.49150736441217,-10.78452031974817,STOP,8,0.0,-1121.5901132538097,FOLD_A_OLDEST
DOGEUSDT,PRICE_ONLY_REFERENCE,LONG,BULL,2026-02-15 04:30:00+00:00,2026-02-15 12:30:00+00:00,90,1,16000,6400.0,32000.0,0.11461166,-1143.2617132664916,-1067.7430048723384,75.5187083941532,94.39619546237059,-17.86346426978893,STOP,33,0.0,-1143.2617132664916,FOLD_A_OLDEST
DOGEUSDT,PRICE_ONLY_REFERENCE,SHORT,BEAR,2026-02-24 01:45:00+00:00,2026-02-24 14:45:00+00:00,85,1,30000,12000.0,60000.0,0.09268077000000001,785.6740318035544,928.5597600914447,142.88572828789026,178.60965149103788,6.547283598362953,STOP,52,0.0,785.6740318035544,FOLD_A_OLDEST
DOGEUSDT,PRICE_ONLY_REFERENCE,SHORT,BEAR,2026-02-27 22:30:00+00:00,2026-02-28 00:00:00+00:00,85,1,30000,12000.0,60000.0,0.09252101000000001,-837.1434986421384,-692.3127233740895,144.8307752680489,181.0373187153947,-6.97619582201782,STOP,7,0.0,-837.1434986421384,FOLD_A_OLDEST
DOGEUSDT,PRICE_ONLY_REFERENCE,SHORT,BEAR,2026-02-28 04:00:00+00:00,2026-02-28 06:45:00+00:00,90,1,30000,12000.0,60000.0,0.093050215,988.3292289832264,1130.9720625082164,142.64283352499012,178.30648778297262,8.236076908193553,TP3_4.0R,12,0.0,988.3292289832264,FOLD_B_MIDDLE
DOGEUSDT,PRICE_ONLY_REFERENCE,SHORT,BEAR,2026-02-28 12:00:00+00:00,2026-02-28 13:15:00+00:00,85,1,30000,12000.0,60000.0,0.08851702500000001,-794.6437630923824,-649.8639263807256,144.77983671165686,180.97374088665305,-6.622031359103186,STOP,6,0.0,-794.6437630923824,FOLD_B_MIDDLE
DOGEUSDT,PRICE_ONLY_REFERENCE,LONG,BULL,2026-03-12 22:00:00+00:00,2026-03-13 02:45:00+00:00,85,1,30000,12000.0,60000.0,0.094812005,819.5508774773868,964.7085277106396,145.15765023325278,181.4496416474422,6.829590645644891,STOP,20,0.0,819.5508774773868,FOLD_B_MIDDLE
DOGEUSDT,PRICE_ONLY_REFERENCE,LONG,BULL,2026-03-13 13:15:00+00:00,2026-03-13 14:45:00+00:00,90,1,27000,10800.0,54000.0,0.10000979000000002,-1115.6601594291033,-987.244853253007,128.41530617609638,160.5172725830662,-10.330186661380585,STOP,7,0.0,-1115.6601594291033,FOLD_B_MIDDLE
DOGEUSDT,PRICE_ONLY_REFERENCE,LONG,BULL,2026-03-15 08:30:00+00:00,2026-03-15 13:00:00+00:00,85,1,30000,12000.0,60000.0,0.09630424,-749.9784945596552,-606.7065424105479,143.27195214910734,179.08897804686603,-6.249820787997127,STOP,18,0.0,-749.9784945596552,FOLD_B_MIDDLE
DOGEUSDT,PRICE_ONLY_REFERENCE,LONG,BULL,2026-03-16 02:00:00+00:00,2026-03-16 08:30:00+00:00,90,2,30000,21000.0,105000.0,0.09810911591834506,2319.9698519909516,2575.059923899631,255.09007190867956,318.86910122615365,11.0474754856712,STOP,27,0.0,2319.9698519909516,FOLD_B_MIDDLE
DOGEUSDT,PRICE_ONLY_REFERENCE,LONG,BULL,2026-03-16 14:45:00+00:00,2026-03-17 12:15:00+00:00,100,3,26100,26100.0,130500.0,0.10238714086605719,-4552.955326155336,-4244.84914512949,308.1061810258446,385.1240419008314,-17.44427328028864,STOP,87,0.0,-4552.955326155336,FOLD_B_MIDDLE
DOGEUSDT,PRICE_ONLY_REFERENCE,LONG,BULL,2026-03-17 21:30:00+00:00,2026-03-18 00:15:00+00:00,90,1,30000,12000.0,60000.0,0.10093117,-894.5184163502364,-751.4201204948303,143.0982958554062,178.87158158504369,-7.45432013625197,STOP,12,0.0,-894.5184163502364,FOLD_B_MIDDLE
DOGEUSDT,PRICE_ONLY_REFERENCE,SHORT,BEAR,2026-03-20 17:45:00+00:00,2026-03-20 22:00:00+00:00,85,1,30000,12000.0,60000.0,0.09341966000000002,-911.6234656732877,-766.7034215674068,144.9200441058809,181.14873763431063,-7.596862213944064,STOP,18,0.0,-911.6234656732877,FOLD_B_MIDDLE
DOGEUSDT,PRICE_ONLY_REFERENCE,SHORT,BEAR,2026-03-22 09:15:00+00:00,2026-03-22 22:15:00+00:00,90,1,30000,12000.0,60000.0,0.09131282500000001,642.3166519326556,785.3742028891887,143.05755095653296,178.8241081418625,5.352638766105463,STOP,53,0.0,642.3166519326556,FOLD_B_MIDDLE
DOGEUSDT,PRICE_ONLY_REFERENCE,SHORT,BEAR,2026-03-23 08:45:00+00:00,2026-03-23 11:00:00+00:00,85,1,30000,12000.0,60000.0,0.09008467,-867.0299735669026,-722.163377513886,144.86659605301665,181.0820276332301,-7.225249779724188,STOP,10,0.0,-867.0299735669026,FOLD_B_MIDDLE
DOGEUSDT,PRICE_ONLY_REFERENCE,SHORT,BEAR,2026-03-27 13:45:00+00:00,2026-03-28 07:45:00+00:00,85,1,30000,12000.0,60000.0,0.09008467,-900.0533212289639,-755.1471446553775,144.90617657358644,181.13142918161896,-7.5004443435747,STOP,72,0.0,-900.0533212289639,FOLD_B_MIDDLE
DOGEUSDT,HARD_VETO_SPLIT,LONG,BULL,2026-03-13 13:15:00+00:00,2026-03-13 14:45:00+00:00,90,1,27000,10800.0,54000.0,0.10000979000000002,-1115.6601594291033,-987.244853253007,128.41530617609638,160.5172725830662,-10.330186661380585,STOP,7,0.0,-1115.6601594291033,FOLD_B_MIDDLE
DOGEUSDT,HARD_VETO_SPLIT,LONG,BULL,2026-03-15 12:00:00+00:00,2026-03-15 13:00:00+00:00,100,1,30000,12000.0,60000.0,0.09648451,-617.0218752732393,-473.5901834934314,143.43169177980786,179.288952546987,-5.141848960610328,STOP,5,0.0,-617.0218752732393,FOLD_B_MIDDLE
DOGEUSDT,HARD_VETO_SPLIT,LONG,BULL,2026-03-16 15:15:00+00:00,2026-03-17 05:30:00+00:00,90,1,21300,8520.0,42600.0,0.10193267,-1129.4915713586947,-1028.4857542638115,101.00581709488341,126.25524134994839,-13.256943325806276,STOP,58,0.0,-1129.4915713586947,FOLD_B_MIDDLE
DOGEUSDT,HARD_VETO_LONG_ONLY,LONG,BULL,2026-03-13 13:15:00+00:00,2026-03-13 14:45:00+00:00,90,1,27000,10800.0,54000.0,0.10000979000000002,-1115.6601594291033,-987.244853253007,128.41530617609638,160.5172725830662,-10.330186661380585,STOP,7,0.0,-1115.6601594291033,FOLD_B_MIDDLE
DOGEUSDT,HARD_VETO_LONG_ONLY,LONG,BULL,2026-03-15 12:00:00+00:00,2026-03-15 13:00:00+00:00,100,1,30000,12000.0,60000.0,0.09648451,-617.0218752732393,-473.5901834934314,143.43169177980786,179.288952546987,-5.141848960610328,STOP,5,0.0,-617.0218752732393,FOLD_B_MIDDLE
DOGEUSDT,HARD_VETO_LONG_ONLY,LONG,BULL,2026-03-16 15:15:00+00:00,2026-03-17 05:30:00+00:00,90,1,21300,8520.0,42600.0,0.10193267,-1129.4915713586947,-1028.4857542638115,101.00581709488341,126.25524134994839,-13.256943325806276,STOP,58,0.0,-1129.4915713586947,FOLD_B_MIDDLE
DOGEUSDT,PRICE_ONLY_REFERENCE,SHORT,BEAR,2026-04-07 14:00:00+00:00,2026-04-07 17:15:00+00:00,85,1,30000,12000.0,60000.0,0.0902644,-675.2429608707421,-530.6062333906733,144.6367274800688,180.79512227508522,-5.62702467392285,STOP,14,0.0,-675.2429608707421,FOLD_C_LATEST_IN_WINDOW
DOGEUSDT,PRICE_ONLY_REFERENCE,LONG,BULL,2026-04-08 09:00:00+00:00,2026-04-08 11:00:00+00:00,85,1,30000,12000.0,60000.0,0.09499227500000001,-702.322941672163,-558.9937341531468,143.32920751901622,179.16065477434552,-5.852691180601358,STOP,9,0.0,-702.322941672163,FOLD_C_LATEST_IN_WINDOW
DOGEUSDT,PRICE_ONLY_REFERENCE,LONG,BULL,2026-04-10 20:45:00+00:00,2026-04-11 00:30:00+00:00,90,1,30000,12000.0,60000.0,0.09438136000000001,-824.8684093641268,-681.6864330838274,143.1819762802994,178.9763392526678,-6.873903411367724,STOP,16,0.0,-824.8684093641268,FOLD_C_LATEST_IN_WINDOW
DOGEUSDT,PRICE_ONLY_REFERENCE,LONG,BULL,2026-04-15 15:30:00+00:00,2026-04-15 20:15:00+00:00,90,2,30000,21000.0,105000.0,0.09398824120911208,1123.0788273351313,1376.730904420436,253.65207708530454,317.0689074062123,5.347994415881577,STOP,20,0.0,1123.0788273351313,FOLD_C_LATEST_IN_WINDOW
DOGEUSDT,PRICE_ONLY_REFERENCE,LONG,BULL,2026-04-17 10:15:00+00:00,2026-04-17 15:30:00+00:00,90,1,30000,12000.0,60000.0,0.09854760000000001,871.5497146752655,1016.7698384814433,145.22012380617772,181.52785092752654,7.262914288960546,STOP,22,0.0,871.5497146752655,FOLD_C_LATEST_IN_WINDOW
DOGEUSDT,PRICE_ONLY_REFERENCE,LONG,BULL,2026-04-17 23:00:00+00:00,2026-04-17 23:15:00+00:00,85,1,30000,12000.0,60000.0,0.1003503,-879.7631287831242,-736.6471053094956,143.1160234736286,178.8937743970422,-7.331359406526035,STOP,2,0.0,-879.7631287831242,FOLD_C_LATEST_IN_WINDOW
