timeframe,plan,period_start,period_end,bars,initial_equity_krw,final_equity_krw,net_pnl_krw,return_pct,trades,wins,losses,win_rate_pct,profit_factor,average_win_krw,average_loss_krw,expectancy_per_trade_krw,expectancy_r,maximum_drawdown_pct,maximum_consecutive_losses,total_fees_krw,estimated_slippage_krw,approx_pre_cost_pnl_krw,daily_lock_days,total_loss_lock_triggered,symbol_pnl_krw,scope
15m,EXPECTANCY_2R_3R_5R,2025-02-01T13:15:00+00:00,2026-07-26T13:00:00+00:00,51583,300000.0,284581.5729093264,-15418.427090673591,-5.139475696891194,78,24,54,30.76923076923077,0.5913679359994353,929.7242564724424,-698.7372082594845,-197.67214218812236,-0.1317814281254149,-5.229462879745419,13,10956.728359176164,13695.941719654173,9234.242988156746,[],True,"{'BTCUSDT': -5537.143682591849, 'ETHUSDT': -3042.4944001194503, 'SOLUSDT': -4569.912045976466, 'XRPUSDT': -6019.4238697783785, 'DOGEUSDT': 3750.5469077926005}",FULL
15m,BALANCED_1_5R_2_5R_4R,2025-02-01T13:15:00+00:00,2026-07-26T13:00:00+00:00,51583,300000.0,283622.32402351144,-16377.675976488565,-5.459225325496186,52,12,40,23.076923076923077,0.34850058630392194,730.0632919633513,-628.4608870012123,-314.9553072401593,-0.2099702048267728,-5.461816583577191,18,7180.903467716866,8976.13545015094,-220.6370586207595,[],True,"{'BTCUSDT': -5661.104947788126, 'ETHUSDT': -4653.5414987634485, 'SOLUSDT': -697.3277731360324, 'XRPUSDT': -7320.419067779683, 'DOGEUSDT': 1954.7173109790072}",FULL
15m,FIXED_3R_ALL,2025-02-01T13:15:00+00:00,2026-07-26T13:00:00+00:00,51583,300000.0,284720.0766998365,-15279.923300163471,-5.093307766721155,89,21,68,23.595505617977526,0.7097180293192786,1778.9660281184235,-774.091321921328,-171.6845314625102,-0.11445635430834011,-5.549520087544366,12,12733.418607650934,15916.803342735679,13370.298650223142,[],True,"{'BTCUSDT': -6108.558909090086, 'ETHUSDT': -7320.814005259335, 'SOLUSDT': -2903.1965529070585, 'XRPUSDT': -4908.883877300864, 'DOGEUSDT': 5961.530044393937}",FULL
1H,EXPECTANCY_2R_3R_5R,2025-02-01T14:00:00+00:00,2026-07-26T12:00:00+00:00,12895,300000.0,291536.24573617475,-8463.754263825249,-2.821251421275084,24,3,21,12.5,0.2595971341915947,989.1760521446857,-544.3467819171069,-352.6564276593829,-0.23510428510625525,-2.9748411486962745,10,2041.6967618546141,2552.1133490858,-3869.9441528848347,[],False,"{'BTCUSDT': -5871.794843317886, 'ETHUSDT': -1478.4364283897291, 'SOLUSDT': -199.5604054717279, 'XRPUSDT': -120.05165831232688, 'DOGEUSDT': -793.9109283335192}",FULL
1H,BALANCED_1_5R_2_5R_4R,2025-02-01T14:00:00+00:00,2026-07-26T12:00:00+00:00,12895,300000.0,291311.98881551553,-8688.011184484465,-2.896003728161489,24,4,20,16.666666666666664,0.23134304486374835,653.7087018462769,-565.142299593476,-362.00046602018375,-0.24133364401345583,-3.0494753105498744,10,2041.6938722579919,2552.1097316638916,-4094.207580562582,[],False,"{'BTCUSDT': -5456.558713328225, 'ETHUSDT': -1286.3122025970463, 'SOLUSDT': -884.7447273491558, 'XRPUSDT': -266.4846128764633, 'DOGEUSDT': -793.9109283335192}",FULL
1H,FIXED_3R_ALL,2025-02-01T14:00:00+00:00,2026-07-26T12:00:00+00:00,12895,300000.0,289192.1500733651,-10807.849926634924,-3.6026166422116424,24,2,22,8.333333333333332,0.1642089643249655,1061.7162468122024,-587.7855645572386,-450.32708027645185,-0.3002180535176346,-3.754971432230826,10,2038.2908843335579,2547.8496065707122,-6221.709435730655,[],False,"{'BTCUSDT': -7508.935063536002, 'ETHUSDT': -1478.4364283897291, 'SOLUSDT': -602.2564823143272, 'XRPUSDT': -424.31102406126774, 'DOGEUSDT': -793.9109283335192}",FULL
15m,EXPECTANCY_2R_3R_5R,2025-02-01T13:15:00+00:00,2025-07-31T13:00:00+00:00,17194,300000.0,291591.2072004581,-8408.792799541901,-2.8029309331806362,43,12,31,27.906976744186046,0.5902274591365617,1009.3201946502621,-661.9559721079037,-195.55332091957843,-0.13036888061305227,-4.439912758799444,13,5856.046090520603,7320.073622807736,4767.326913786437,[],False,"{'BTCUSDT': -4931.416651776294, 'ETHUSDT': -2942.000352537115, 'SOLUSDT': 721.0583454565871, 'XRPUSDT': -4069.4238697783676, 'DOGEUSDT': 2812.9897290933172}",FOLD_A_OLDEST
15m,EXPECTANCY_2R_3R_5R,2025-07-31T13:15:00+00:00,2026-01-27T13:00:00+00:00,17194,300000.0,295390.3657088683,-4609.63429113169,-1.5365447637105678,32,12,20,37.5,0.6887732021317762,850.1283182946228,-740.5587055333574,-144.0510715978648,-0.09603404773190986,-2.9588730653422823,8,4867.990139103066,6085.007156911403,6343.36300488278,[],False,"{'BTCUSDT': -605.7270308155549, 'ETHUSDT': -100.49404758233555, 'SOLUSDT': -4390.970391433053, 'XRPUSDT': -1950.0000000000111, 'DOGEUSDT': 2437.557178699281}",FOLD_B_MIDDLE
15m,EXPECTANCY_2R_3R_5R,2026-01-27T13:15:00+00:00,2026-07-26T13:00:00+00:00,17195,300000.0,286608.91424168576,-13391.085758314235,-4.463695252771416,29,4,25,13.793103448275861,0.18550320271538376,762.4613455464615,-657.637245620002,-461.76157787290356,-0.30784105191526906,-4.812302060109095,13,3622.0601638827543,4527.565196527266,-5241.460397904215,[],False,"{'BTCUSDT': -2416.1244327738837, 'ETHUSDT': -2838.506101856172, 'SOLUSDT': -3300.000000000001, 'XRPUSDT': -1536.4552236841464, 'DOGEUSDT': -3299.9999999999977}",FOLD_C_LATEST
15m,BALANCED_1_5R_2_5R_4R,2025-02-01T13:15:00+00:00,2025-07-31T13:00:00+00:00,17194,300000.0,287320.6778785879,-12679.322121412086,-4.226440707137358,44,10,34,22.727272727272727,0.39381271046567395,823.7187248410362,-615.1914520535953,-288.16641185026987,-0.19211094123351333,-4.918521328340751,18,6002.924481490928,7503.662983683001,827.2653437618428,[],False,"{'BTCUSDT': -5211.104947788126, 'ETHUSDT': -3329.2339885226042, 'SOLUSDT': 754.7924614732799, 'XRPUSDT': -7320.419067779683, 'DOGEUSDT': 2426.6434212052573}",FOLD_A_OLDEST
15m,BALANCED_1_5R_2_5R_4R,2025-07-31T13:15:00+00:00,2026-01-27T13:00:00+00:00,17194,300000.0,293681.40106416965,-6318.598935830349,-2.106199645276785,33,10,23,30.303030303030305,0.5317737344620916,717.6156486681818,-586.7284966309605,-191.47269502515988,-0.1276484633501066,-2.937783515840713,8,5144.6524655887715,6430.833173466923,5256.886703225346,[],False,"{'BTCUSDT': -1694.75440269703, 'ETHUSDT': -189.8066483265103, 'SOLUSDT': -4553.557111444716, 'XRPUSDT': -508.4679744337164, 'DOGEUSDT': 627.987201071696}",FOLD_B_MIDDLE
15m,BALANCED_1_5R_2_5R_4R,2026-01-27T13:15:00+00:00,2026-07-26T13:00:00+00:00,17195,300000.0,290366.5048880401,-9633.495111959928,-3.211165037319974,30,4,26,13.333333333333334,0.2535306889559034,817.9795929494833,-496.36205706760944,-321.1165037319971,-0.21407766915466475,-3.557796588659623,18,3735.18397796276,4668.979889461745,-1229.3312445354231,[],False,"{'BTCUSDT': -1984.4810180806037, 'ETHUSDT': -1688.1915682735132, 'SOLUSDT': -3300.000000000001, 'XRPUSDT': -1002.3058009950566, 'DOGEUSDT': -1658.516724610739}",FOLD_C_LATEST
15m,FIXED_3R_ALL,2025-02-01T13:15:00+00:00,2025-07-31T13:00:00+00:00,17194,300000.0,289269.0628009629,-10730.937199037115,-3.576979066345709,41,8,33,19.51219512195122,0.5899251996588667,1929.6632786269938,-792.9770735773616,-261.7301755862678,-0.17448678372417856,-5.014592809915324,12,5768.719767256092,7210.904768616655,2248.687336835633,[],False,"{'BTCUSDT': -3695.883166152495, 'ETHUSDT': -7899.625062151532, 'SOLUSDT': 491.5374988368572, 'XRPUSDT': -3071.849463494502, 'DOGEUSDT': 3444.882993924691}",FOLD_A_OLDEST
15m,FIXED_3R_ALL,2025-07-31T13:15:00+00:00,2026-01-27T13:00:00+00:00,17194,300000.0,301997.47969267017,1997.4796926701674,0.6658265642233818,32,11,21,34.375,1.1224608160711043,1664.4230730306647,-776.7225766984357,62.421240395942675,0.04161416026396181,-1.966007858555208,8,4873.14594776085,6091.461599397368,12962.087239828386,[],False,"{'BTCUSDT': -553.2443629473395, 'ETHUSDT': 2078.811056892189, 'SOLUSDT': -2044.7340517439156, 'XRPUSDT': -1950.0000000000111, 'DOGEUSDT': 4466.647050469243}",FOLD_B_MIDDLE
15m,FIXED_3R_ALL,2026-01-27T13:15:00+00:00,2026-07-26T13:00:00+00:00,17195,300000.0,287464.8115039235,-12535.188496076502,-4.1783961653588335,29,3,26,10.344827586206897,0.30130780850167227,1801.9142148078251,-690.0358130961554,-432.2478791750539,-0.28816525278336935,-4.528044013631295,17,3622.1353523100074,4527.659323251421,-4385.3938205150735,[],False,"{'BTCUSDT': -3102.7755168231765, 'ETHUSDT': -2106.583913710157, 'SOLUSDT': -3300.000000000001, 'XRPUSDT': -725.8290655432318, 'DOGEUSDT': -3299.9999999999977}",FOLD_C_LATEST
1H,EXPECTANCY_2R_3R_5R,2025-02-01T14:00:00+00:00,2025-07-31T13:00:00+00:00,4298,300000.0,294881.9734194263,-5118.0265805737,-1.7060088601912327,12,1,11,8.333333333333332,0.0605634839359201,329.9483416876732,-495.2704474783081,-426.50221504780967,-0.28433481003187305,-1.9679506004771392,10,806.1652371135222,1007.6994145265231,-3304.1619289336545,[],False,"{'BTCUSDT': -3197.974922261389, 'ETHUSDT': -900.0, 'SOLUSDT': -1350.0, 'XRPUSDT': 329.9483416876732, 'DOGEUSDT': 0}",FOLD_A_OLDEST
1H,EXPECTANCY_2R_3R_5R,2025-07-31T14:00:00+00:00,2026-01-27T13:00:00+00:00,4299,300000.0,299359.1433863566,-640.8566136434092,-0.21361887121447154,9,2,7,22.22222222222222,0.8045237027950793,1318.789907373192,-468.3480611985334,-71.20629040481668,-0.04747086026987777,-0.8144281199973775,3,765.4537097212856,956.820371983835,1081.4174680617114,[],False,"{'BTCUSDT': -312.859779781893, 'ETHUSDT': -578.4364283897291, 'SOLUSDT': 1150.439594528272, 'XRPUSDT': -450.00000000000006, 'DOGEUSDT': -450.0}",FOLD_B_MIDDLE
1H,EXPECTANCY_2R_3R_5R,2026-01-27T14:00:00+00:00,2026-07-26T12:00:00+00:00,4298,300000.0,297295.12893039186,-2704.87106960814,-0.9016236898693797,3,0,3,0.0,0.0,0.0,-901.6236898693746,-901.6236898693746,-0.6010824599129164,-0.948952976715433,3,470.0778150198065,587.593562575442,-1647.1996920128913,[],False,"{'BTCUSDT': -2360.9601412746047, 'ETHUSDT': 0, 'SOLUSDT': 0, 'XRPUSDT': 0, 'DOGEUSDT': -343.9109283335192}",FOLD_C_LATEST
1H,BALANCED_1_5R_2_5R_4R,2025-02-01T14:00:00+00:00,2025-07-31T13:00:00+00:00,4298,300000.0,294735.54046486213,-5264.459535137867,-1.7548198450459518,12,1,11,8.333333333333332,0.03368506458678076,183.51538712353675,-495.2704474783081,-438.70496126148765,-0.29246997417432513,-1.9679506004771392,10,805.9893064512504,1007.4791708331428,-3450.991057853473,[],False,"{'BTCUSDT': -3197.974922261389, 'ETHUSDT': -900.0, 'SOLUSDT': -1350.0, 'XRPUSDT': 183.51538712353675, 'DOGEUSDT': 0}",FOLD_A_OLDEST
1H,BALANCED_1_5R_2_5R_4R,2025-07-31T14:00:00+00:00,2026-01-27T13:00:00+00:00,4299,300000.0,299281.31942026154,-718.6805797384586,-0.23956019324615774,9,3,6,33.33333333333333,0.771847435003672,810.4398067538572,-525.0000000000008,-79.85339774871487,-0.053235598499143236,-0.676016076667506,2,765.626750786935,957.0369982553067,1003.983169303783,[],False,"{'BTCUSDT': 102.37635020776833, 'ETHUSDT': -386.3122025970462, 'SOLUSDT': 465.2552726508441, 'XRPUSDT': -450.00000000000006, 'DOGEUSDT': -450.0}",FOLD_B_MIDDLE
1H,BALANCED_1_5R_2_5R_4R,2026-01-27T14:00:00+00:00,2026-07-26T12:00:00+00:00,4298,300000.0,297295.12893039186,-2704.87106960814,-0.9016236898693797,3,0,3,0.0,0.0,0.0,-901.6236898693746,-901.6236898693746,-0.6010824599129164,-0.948952976715433,3,470.0778150198065,587.593562575442,-1647.1996920128913,[],False,"{'BTCUSDT': -2360.9601412746047, 'ETHUSDT': 0, 'SOLUSDT': 0, 'XRPUSDT': 0, 'DOGEUSDT': -343.9109283335192}",FOLD_C_LATEST
1H,FIXED_3R_ALL,2025-02-01T14:00:00+00:00,2025-07-31T13:00:00+00:00,4298,300000.0,294577.71405367734,-5422.285946322663,-1.807428648774223,12,1,11,8.333333333333332,0.0047153256586704535,25.6889759387323,-495.2704474783081,-451.85716219355476,-0.30123810812903645,-1.9679506004771392,10,805.6381606020087,1007.0395791340421,-3609.6082065866126,[],False,"{'BTCUSDT': -3197.974922261389, 'ETHUSDT': -900.0, 'SOLUSDT': -1350.0, 'XRPUSDT': 25.6889759387323, 'DOGEUSDT': 0}",FOLD_A_OLDEST
1H,FIXED_3R_ALL,2025-07-31T14:00:00+00:00,2026-01-27T13:00:00+00:00,4299,300000.0,297319.3070892959,-2680.6929107041215,-0.8935643035680396,9,1,8,11.11111111111111,0.43900207716953576,2097.7435176856725,-597.3045535487172,-297.85476785600724,-0.19856984523733814,-1.4204469323211526,5,762.5749087117428,953.2164648612284,-964.9015371311502,[],False,"{'BTCUSDT': -1950.0000000000084, 'ETHUSDT': -578.4364283897291, 'SOLUSDT': 747.7435176856727, 'XRPUSDT': -450.00000000000006, 'DOGEUSDT': -450.0}",FOLD_B_MIDDLE
1H,FIXED_3R_ALL,2026-01-27T14:00:00+00:00,2026-07-26T12:00:00+00:00,4298,300000.0,297295.12893039186,-2704.87106960814,-0.9016236898693797,3,0,3,0.0,0.0,0.0,-901.6236898693746,-901.6236898693746,-0.6010824599129164,-0.948952976715433,3,470.0778150198065,587.593562575442,-1647.1996920128913,[],False,"{'BTCUSDT': -2360.9601412746047, 'ETHUSDT': 0, 'SOLUSDT': 0, 'XRPUSDT': 0, 'DOGEUSDT': -343.9109283335192}",FOLD_C_LATEST
