symbol,strategy,direction,regime,opened_at,closed_at,signal_score,entry_stages_filled,planned_capital_krw,used_capital_krw,total_notional_krw,average_entry,net_pnl_krw,gross_pnl_krw,fees_krw,slippage_krw,return_on_used_capital_pct,exit_reason,bars_held
BTCUSDT,BASELINE_SPLIT,SHORT,BASELINE,2026-06-11 17:00:00+00:00,2026-06-11 17:15:00+00:00,80,1,30000,12000.0,60000.0,62458.172000000006,-552.2158766750272,-407.72660474932803,144.4892719256992,180.61107889718866,-4.601798972291893,STOP,2
BTCUSDT,BASELINE_SPLIT,LONG,BASELINE,2026-06-12 00:15:00+00:00,2026-06-12 00:15:00+00:00,90,1,30000,12000.0,60000.0,63795.55,-507.70052772813494,-364.1374927193982,143.56303500873673,179.4533782216654,-4.230837731067791,STOP,1
BTCUSDT,BASELINE_SPLIT,LONG,BASELINE,2026-06-13 01:45:00+00:00,2026-06-13 02:30:00+00:00,100,1,30000,12000.0,60000.0,63824.893950000005,-413.713803705955,-270.0378491249049,143.67595458105012,179.59473972931272,-3.4476150308829583,STOP,4
BTCUSDT,BASELINE_SPLIT,LONG,BASELINE,2026-06-14 00:15:00+00:00,2026-06-14 04:45:00+00:00,80,2,30000,21000.0,105000.0,64579.63657514647,-824.5712477503698,-573.2591587408589,251.31208900951094,314.13952824271905,-3.926529751192237,STOP,19
BTCUSDT,BASELINE_SPLIT,LONG,BASELINE,2026-06-15 00:45:00+00:00,2026-06-15 13:45:00+00:00,80,2,30000,21000.0,105000.0,65769.44319055103,539.385215090595,792.3360183125701,252.9508032219751,316.1909982132529,2.5685010242409283,STOP,53
BTCUSDT,BASELINE_SPLIT,LONG,BASELINE,2026-06-15 15:00:00+00:00,2026-06-15 17:00:00+00:00,80,1,30000,12000.0,60000.0,66647.12095000001,10.699634243039398,154.88549683924649,144.18586259620707,180.23308226206134,0.08916361869199498,STOP,9
BTCUSDT,BASELINE_SPLIT,LONG,BASELINE,2026-06-15 18:15:00+00:00,2026-06-15 19:15:00+00:00,80,1,30000,12000.0,60000.0,66871.65725,-516.7687595988107,-373.2166195422614,143.55214005654926,179.43973907269955,-4.3064063299900885,STOP,5
BTCUSDT,BASELINE_SPLIT,LONG,BASELINE,2026-06-16 07:00:00+00:00,2026-06-16 09:00:00+00:00,80,1,30000,12000.0,60000.0,66508.6135,1.9206309643826067,146.09594609970225,144.17531513531964,180.219878129753,0.01600525803652172,STOP,9
BTCUSDT,BASELINE_SPLIT,LONG,BASELINE,2026-06-16 10:15:00+00:00,2026-06-16 11:30:00+00:00,80,1,30000,12000.0,60000.0,66612.06845,-486.496085890773,-342.90757498074987,143.5885109100231,179.48527093733915,-4.054134049089775,STOP,6
BTCUSDT,BASELINE_SPLIT,LONG,BASELINE,2026-06-17 02:30:00+00:00,2026-06-17 02:30:00+00:00,100,1,30000,12000.0,60000.0,66168.1035,-466.5321630708672,-322.9196666708723,143.61249639999494,179.51529784016003,-3.8877680255905602,STOP,1
BTCUSDT,BASELINE_SPLIT,SHORT,BASELINE,2026-06-19 08:15:00+00:00,2026-06-19 12:45:00+00:00,80,2,30000,21000.0,105000.0,62438.992768985525,-1030.1086346729971,-777.1760234448633,252.93261122813385,316.1647267597508,-4.905279212728558,STOP,19
BTCUSDT,BASELINE_SPLIT,SHORT,BASELINE,2026-06-20 13:30:00+00:00,2026-06-20 13:30:00+00:00,100,1,30000,12000.0,60000.0,63221.92465000001,-414.4225441536349,-270.098426042384,144.32411811125087,180.40494582873234,-3.4535212012802905,STOP,1
BTCUSDT,BASELINE_SPLIT,SHORT,BASELINE,2026-06-21 08:15:00+00:00,2026-06-21 09:30:00+00:00,80,1,30000,12000.0,60000.0,63990.669799999996,-361.27844118376333,-217.018019560291,144.26042162347233,180.3254444710505,-3.010653676531361,STOP,6
BTCUSDT,BASELINE_SPLIT,SHORT,BASELINE,2026-06-22 19:00:00+00:00,2026-06-22 20:00:00+00:00,80,1,30000,12000.0,60000.0,64222.5215,-520.05730157174,-375.6065736833201,144.45072788841998,180.56297101242228,-4.333810846431167,STOP,5
BTCUSDT,BASELINE_SPLIT,SHORT,BASELINE,2026-06-23 04:45:00+00:00,2026-06-23 05:30:00+00:00,80,1,30000,12000.0,60000.0,63688.42385,-2.312543376347623,141.51763546109905,143.83017883744668,179.78844648549446,-0.01927119480289686,STOP,4
BTCUSDT,BASELINE_SPLIT,SHORT,BASELINE,2026-06-24 08:15:00+00:00,2026-06-24 08:30:00+00:00,80,1,30000,12000.0,60000.0,62543.84330000001,-436.3434834679484,-291.99309175783895,144.35039171010942,180.43773863809048,-3.6361956955662365,STOP,2
BTCUSDT,BASELINE_SPLIT,SHORT,BASELINE,2026-06-25 10:45:00+00:00,2026-06-25 11:15:00+00:00,80,1,30000,12000.0,60000.0,61264.86465,-0.08357058446907928,143.74393669150112,143.8275072759702,179.78511203532605,-0.0006964215372423273,STOP,3
BTCUSDT,BASELINE_SPLIT,SHORT,BASELINE,2026-06-26 01:15:00+00:00,2026-06-26 03:15:00+00:00,90,2,30000,21000.0,105000.0,59352.06980428695,383.29678452360525,634.5353421130696,251.2385575894643,314.0503313045981,1.825222783445739,STOP,9
BTCUSDT,BASELINE_SPLIT,SHORT,BASELINE,2026-06-26 10:45:00+00:00,2026-06-26 12:30:00+00:00,90,1,30000,12000.0,60000.0,59443.40095,-625.8230303605245,-481.2455357176633,144.5774946428612,180.72119212380227,-5.215191919671038,STOP,8
BTCUSDT,BASELINE_SPLIT,SHORT,BASELINE,2026-06-26 13:45:00+00:00,2026-06-26 13:45:00+00:00,80,1,30000,12000.0,60000.0,59371.0097,-798.799094919145,-654.014277785802,144.78481713334295,180.97995708945263,-6.656659124326208,STOP,1
BTCUSDT,BASELINE_SPLIT,SHORT,BASELINE,2026-06-27 19:30:00+00:00,2026-06-27 21:15:00+00:00,80,1,30000,12000.0,60000.0,60205.1566,-446.87282182655207,-302.5098100544867,144.36301177206536,180.45349008835865,-3.723940181887934,STOP,8
BTCUSDT,BASELINE_SPLIT,SHORT,BASELINE,2026-06-28 00:15:00+00:00,2026-06-28 01:30:00+00:00,80,1,30000,12000.0,60000.0,60022.53095,-459.4152643177286,-315.03721965414366,144.37804466358494,180.4722530583084,-3.8284605359810717,STOP,6
BTCUSDT,BASELINE_SPLIT,SHORT,BASELINE,2026-06-29 00:30:00+00:00,2026-06-29 00:45:00+00:00,80,1,30000,12000.0,60000.0,59098.11965000001,-651.312906091072,-506.7048602587615,144.6080458323105,180.7593239129261,-5.427607550758934,STOP,2
BTCUSDT,BASELINE_SPLIT,SHORT,BASELINE,2026-06-30 00:30:00+00:00,2026-06-30 04:30:00+00:00,80,1,30000,12000.0,60000.0,59820.83395,7.807578375010124,151.62562762186388,143.81804924685375,179.7733072061731,0.06506315312508436,STOP,17
BTCUSDT,BASELINE_SPLIT,SHORT,BASELINE,2026-06-30 05:45:00+00:00,2026-06-30 08:45:00+00:00,80,1,30000,12000.0,60000.0,59461.673500000004,7.538001423604879,151.3563737750748,143.81837235146992,179.7737104820278,0.06281667853004065,STOP,13
BTCUSDT,BASELINE_SPLIT,SHORT,BASELINE,2026-06-30 10:00:00+00:00,2026-06-30 12:15:00+00:00,80,1,30000,12000.0,60000.0,59266.46675,-3.7508996830915287,140.08100311317267,143.8319027962642,179.79059820643408,-0.03125749735909607,STOP,10
BTCUSDT,BASELINE_SPLIT,SHORT,BASELINE,2026-06-30 14:00:00+00:00,2026-06-30 14:00:00+00:00,80,1,30000,12000.0,60000.0,58633.41775,-579.4994518481706,-434.9774788735223,144.52197297464824,180.65189398574756,-4.829162098734755,STOP,1
BTCUSDT,BASELINE_SPLIT,SHORT,BASELINE,2026-07-01 00:30:00+00:00,2026-07-01 00:30:00+00:00,100,1,30000,12000.0,60000.0,58284.14245,-489.7924633147969,-345.37800970315317,144.41445361164378,180.5176960788516,-4.081603860956641,STOP,1
BTCUSDT,BASELINE_SPLIT,SHORT,BASELINE,2026-07-03 00:30:00+00:00,2026-07-03 01:00:00+00:00,80,1,30000,12000.0,60000.0,61183.18735,-467.5093910220934,-323.12164504803576,144.38774597405762,180.48436153368874,-3.895911591850778,STOP,3
BTCUSDT,BASELINE_SPLIT,LONG,BASELINE,2026-07-04 00:15:00+00:00,2026-07-04 01:00:00+00:00,90,1,30000,12000.0,60000.0,62878.676750000006,-469.27955866084795,-325.67036309656385,143.6091955642841,179.5111655971603,-3.910662988840399,STOP,4
BTCUSDT,BASELINE_SPLIT,LONG,BASELINE,2026-07-05 08:00:00+00:00,2026-07-05 08:15:00+00:00,80,1,30000,12000.0,60000.0,63083.4835,-396.3371837597832,-252.64035218240213,143.6968315773811,179.62087517790272,-3.30280986466486,STOP,2
BTCUSDT,BASELINE_SPLIT,LONG,BASELINE,2026-07-06 00:15:00+00:00,2026-07-06 00:30:00+00:00,80,1,30000,12000.0,60000.0,63653.73760000001,-505.5925005413409,-362.02693286077385,143.56556768056706,179.45654881734615,-4.213270837844507,STOP,2
BTCUSDT,BASELINE_SPLIT,LONG,BASELINE,2026-07-07 00:15:00+00:00,2026-07-07 01:30:00+00:00,80,1,30000,12000.0,60000.0,64095.89985,-523.1621786329923,-379.61771989686855,143.54445873612374,179.43012299805787,-4.3596848219416025,STOP,6
BTCUSDT,BASELINE_SPLIT,LONG,BASELINE,2026-07-09 06:30:00+00:00,2026-07-09 08:00:00+00:00,80,1,30000,12000.0,60000.0,62878.3763,24.37775917679964,168.58005524309135,144.2022960662917,180.25365495871273,0.20314799313999699,STOP,7
BTCUSDT,BASELINE_SPLIT,LONG,BASELINE,2026-07-09 18:15:00+00:00,2026-07-09 23:15:00+00:00,80,1,30000,12000.0,60000.0,63458.54525,-574.1103051411322,-430.62705761026456,143.4832475308677,179.3534940480685,-4.7842525428427685,STOP,21
BTCUSDT,BASELINE_SPLIT,LONG,BASELINE,2026-07-10 01:30:00+00:00,2026-07-10 02:00:00+00:00,90,1,30000,12000.0,60000.0,63462.15065,1.221308802064879,145.39578374255595,144.17447494049105,180.2188263084863,0.010177573350540658,STOP,3
BTCUSDT,BASELINE_SPLIT,LONG,BASELINE,2026-07-10 03:30:00+00:00,2026-07-10 08:30:00+00:00,80,2,30000,21000.0,105000.0,64011.39679660034,11.798211524806788,264.1151497044521,252.31693817964532,315.3974766279638,0.05618195964193709,STOP,21
BTCUSDT,BASELINE_SPLIT,LONG,BASELINE,2026-07-10 09:45:00+00:00,2026-07-10 10:00:00+00:00,100,1,30000,12000.0,60000.0,64514.52685,-458.36277730768205,-314.7404658667221,143.62231144095995,179.52758507221358,-3.8196898108973505,STOP,2
BTCUSDT,BASELINE_SPLIT,LONG,BASELINE,2026-07-10 11:15:00+00:00,2026-07-10 12:45:00+00:00,80,1,30000,12000.0,60000.0,64505.91395000001,-437.0531722931705,-293.4052586034947,143.64791368967582,179.55963595944456,-3.642109769109754,STOP,7
BTCUSDT,BASELINE_SPLIT,LONG,BASELINE,2026-07-11 00:30:00+00:00,2026-07-11 01:30:00+00:00,80,1,30000,12000.0,60000.0,64172.314300000005,-402.66436431028046,-258.97513447164647,143.68922983863402,179.6113587297919,-3.355536369252337,STOP,5
BTCUSDT,BASELINE_SPLIT,LONG,BASELINE,2026-07-12 04:15:00+00:00,2026-07-12 04:15:00+00:00,80,1,30000,12000.0,60000.0,64246.32515000001,-385.9148487330748,-242.20549532746776,143.70935340560703,179.6365509768851,-3.2159570727756237,STOP,1
BTCUSDT,BASELINE_SPLIT,LONG,BASELINE,2026-07-14 01:00:00+00:00,2026-07-14 02:15:00+00:00,80,1,30000,12000.0,60000.0,62633.309250000006,-506.9347606401929,-363.37080560692124,143.56395503327167,179.45452997997205,-4.224456338668274,STOP,6
BTCUSDT,BASELINE_SPLIT,LONG,BASELINE,2026-07-15 00:15:00+00:00,2026-07-15 01:00:00+00:00,80,1,30000,12000.0,60000.0,64989.83875,-474.1893845370926,-330.5860878425036,143.603296694589,179.50378093304766,-3.951578204475772,STOP,4
BTCUSDT,IMPROVED_SPLIT,LONG,BULL,2026-06-16 10:00:00+00:00,2026-06-16 13:00:00+00:00,90,1,30000,12000.0,60000.0,66582.02345000001,-538.1777870171102,-394.65136865950154,143.52641835760858,179.407538648394,-4.484814891809251,STOP,13
BTCUSDT,IMPROVED_SPLIT,SHORT,BEAR,2026-06-19 12:45:00+00:00,2026-06-19 12:45:00+00:00,85,1,30000,12000.0,60000.0,62386.4797,-530.5533293196635,-386.09002129411056,144.46330802555292,180.57867263140736,-4.421277744330529,STOP,1
BTCUSDT,IMPROVED_SPLIT,SHORT,BEAR,2026-06-23 19:45:00+00:00,2026-06-23 22:00:00+00:00,85,1,30000,12000.0,60000.0,62181.28795,-700.4161556074556,-555.749256499656,144.66689910779957,180.8327803226839,-5.8368012967287966,STOP,10
BTCUSDT,IMPROVED_SPLIT,SHORT,BEAR,2026-06-30 12:00:00+00:00,2026-06-30 14:00:00+00:00,85,1,30000,12000.0,60000.0,59082.4432,259.50340757715617,403.01978383655234,143.5163762593961,179.39678076151458,2.1625283964763016,STOP,9
BTCUSDT,IMPROVED_SPLIT,SHORT,BEAR,2026-07-01 10:30:00+00:00,2026-07-01 13:45:00+00:00,85,1,30000,12000.0,60000.0,58631.82015000001,-683.1630900813752,-538.5168698375702,144.6462202438051,180.80697045748323,-5.693025750678126,STOP,14
BTCUSDT,IMPROVED_SPLIT,LONG,BULL,2026-07-06 19:15:00+00:00,2026-07-06 23:15:00+00:00,90,1,30000,12000.0,60000.0,63812.37520000001,145.53385949314873,289.88171755421376,144.34785806106504,180.43588079093163,1.212782162442906,STOP,17
BTCUSDT,IMPROVED_SPLIT,LONG,BULL,2026-07-07 18:45:00+00:00,2026-07-07 19:00:00+00:00,85,1,30000,12000.0,60000.0,64156.090000000004,-739.2430195459006,-595.9581693491195,143.28485019678106,179.10512482662682,-6.160358496215838,STOP,2
BTCUSDT,IMPROVED_SPLIT,LONG,BULL,2026-07-09 21:15:00+00:00,2026-07-10 00:30:00+00:00,95,1,30000,12000.0,60000.0,63380.22795000001,-584.8862221281547,-441.41592123363506,143.47030089451962,179.33728644122374,-4.874051851067955,STOP,14
BTCUSDT,IMPROVED_SPLIT,LONG,BULL,2026-07-15 07:15:00+00:00,2026-07-15 07:15:00+00:00,100,1,30000,12000.0,60000.0,64941.36615,-583.0509427131924,-439.57843683739725,143.4725058757951,179.34004680836614,-4.85875785594327,STOP,1
BTCUSDT,IMPROVED_SPLIT,LONG,BULL,2026-07-20 01:45:00+00:00,2026-07-20 05:00:00+00:00,90,1,30000,12000.0,60000.0,64832.3028,-678.467666858963,-535.1097986173037,143.35786824165922,179.19653449723,-5.653897223824692,STOP,13
BTCUSDT,IMPROVED_FULL,LONG,BULL,2026-06-16 10:15:00+00:00,2026-06-16 13:00:00+00:00,95,1,30000,30000.0,150000.0,66612.06845,-1410.0239197275318,-1051.2854622822706,358.73845744526125,448.42171536314885,-4.700079732425106,STOP,12
BTCUSDT,IMPROVED_FULL,SHORT,BEAR,2026-06-23 19:45:00+00:00,2026-06-23 22:00:00+00:00,85,1,30000,30000.0,150000.0,62181.28795,-1751.040389018639,-1389.37314124914,361.66724776949894,452.08195080670976,-5.8368012967287966,STOP,10
BTCUSDT,IMPROVED_FULL,SHORT,BEAR,2026-06-30 12:00:00+00:00,2026-06-30 13:30:00+00:00,85,1,30000,30000.0,150000.0,59082.44320000001,1496.805620297693,1854.5801241487145,357.77450385102145,447.2233088715062,4.989352067658976,TP_FULL_2.5R,7
BTCUSDT,IMPROVED_FULL,SHORT,BEAR,2026-07-01 10:30:00+00:00,2026-07-01 13:45:00+00:00,85,1,30000,30000.0,150000.0,58631.82015,-1707.907725203457,-1346.2921745939443,361.61555060951264,452.0174261437081,-5.69302575067819,STOP,14
BTCUSDT,IMPROVED_FULL,LONG,BULL,2026-07-06 19:15:00+00:00,2026-07-07 02:45:00+00:00,90,1,30000,30000.0,150000.0,63812.37520000001,-1785.1068036285853,-1426.81898641228,358.28781721630526,447.8575688571909,-5.950356012095284,STOP,31
BTCUSDT,IMPROVED_FULL,LONG,BULL,2026-07-09 21:15:00+00:00,2026-07-10 00:30:00+00:00,95,1,30000,30000.0,150000.0,63380.22795000001,-1462.2155553203868,-1103.5398030840877,358.6757522362991,448.3432161030594,-4.874051851067955,STOP,14
BTCUSDT,IMPROVED_FULL,LONG,BULL,2026-07-15 07:15:00+00:00,2026-07-15 07:15:00+00:00,100,1,30000,30000.0,150000.0,64941.36615,-1457.6273567829808,-1098.946092093493,358.68126468948776,448.35011702091526,-4.85875785594327,STOP,1
BTCUSDT,IMPROVED_FULL,LONG,BULL,2026-07-20 01:45:00+00:00,2026-07-20 05:00:00+00:00,90,1,30000,30000.0,150000.0,64832.3028,-1696.1691671474075,-1337.7744965432594,358.394670604148,447.991336243075,-5.653897223824692,STOP,13
ETHUSDT,BASELINE_SPLIT,SHORT,BASELINE,2026-06-11 16:30:00+00:00,2026-06-11 17:15:00+00:00,80,1,30000,12000.0,60000.0,1638.548485,-657.1476498749976,-512.5326107421071,144.61503913289053,180.7680524458582,-5.47623041562498,STOP,4
ETHUSDT,BASELINE_SPLIT,LONG,BASELINE,2026-06-12 00:15:00+00:00,2026-06-12 01:15:00+00:00,80,1,30000,12000.0,60000.0,1677.6827550000003,-623.9164693085835,-480.4930609817615,143.42340832682189,179.27858267595758,-5.199303910904862,STOP,5
ETHUSDT,BASELINE_SPLIT,LONG,BASELINE,2026-06-13 01:30:00+00:00,2026-06-13 03:15:00+00:00,80,1,30000,12000.0,60000.0,1670.1514750000001,-443.5752662671049,-299.93518849329683,143.64007777380806,179.54982635019172,-3.696460552225874,STOP,8
ETHUSDT,BASELINE_SPLIT,LONG,BASELINE,2026-06-14 00:45:00+00:00,2026-06-14 01:30:00+00:00,80,1,30000,12000.0,60000.0,1684.6732250000002,-14.773246417682746,129.3820119967133,144.15525841439603,180.19476956575377,-0.12311038681402289,STOP,4
ETHUSDT,BASELINE_SPLIT,LONG,BASELINE,2026-06-15 00:45:00+00:00,2026-06-15 01:15:00+00:00,80,1,30000,12000.0,60000.0,1723.0907650000001,-661.5712108815458,-518.1930425325849,143.3781683489609,179.2219477512391,-5.513093424012881,STOP,3
ETHUSDT,BASELINE_SPLIT,LONG,BASELINE,2026-06-16 08:30:00+00:00,2026-06-16 09:15:00+00:00,80,1,30000,12000.0,60000.0,1785.023525,148.08981944170267,292.44074833971035,144.35092889800762,180.4397251035764,1.2340818286808557,STOP,4
ETHUSDT,BASELINE_SPLIT,LONG,BASELINE,2026-06-16 10:30:00+00:00,2026-06-16 12:45:00+00:00,80,2,30000,21000.0,105000.0,1805.883215945542,366.42373596109076,619.166736044344,252.74300008325318,315.9308540736486,1.7448749331480513,STOP,10
ETHUSDT,BASELINE_SPLIT,LONG,BASELINE,2026-06-16 18:30:00+00:00,2026-06-17 01:15:00+00:00,80,1,30000,12000.0,60000.0,1797.1516900000001,-750.7745469118223,-607.5035511732302,143.27099573859212,179.0877807377606,-6.256454557598519,STOP,28
ETHUSDT,BASELINE_SPLIT,LONG,BASELINE,2026-06-17 02:30:00+00:00,2026-06-17 02:30:00+00:00,100,1,30000,12000.0,60000.0,1807.7075000000002,-599.3263098387035,-455.8733578681453,143.45295197055822,179.31556770817207,-4.994385915322529,STOP,1
ETHUSDT,BASELINE_SPLIT,LONG,BASELINE,2026-06-18 01:15:00+00:00,2026-06-18 02:15:00+00:00,80,1,30000,12000.0,60000.0,1763.451215,-682.2600315256226,-538.9067195891296,143.35331193649301,179.1908305598644,-5.685500262713521,STOP,5
ETHUSDT,BASELINE_SPLIT,LONG,BASELINE,2026-06-20 00:00:00+00:00,2026-06-20 02:15:00+00:00,80,1,30000,12000.0,60000.0,1712.66515,-472.0080437623526,-328.40212631392933,143.60591744842327,179.50706179663604,-3.9334003646862716,STOP,10
ETHUSDT,BASELINE_SPLIT,LONG,BASELINE,2026-06-21 00:15:00+00:00,2026-06-21 01:15:00+00:00,80,1,30000,12000.0,60000.0,1740.416715,-457.5042402889293,-313.8808973657682,143.62334292316106,179.5288763619031,-3.8125353357410776,STOP,5
ETHUSDT,BASELINE_SPLIT,LONG,BASELINE,2026-06-22 03:30:00+00:00,2026-06-22 11:15:00+00:00,80,2,30000,21000.0,105000.0,1743.2905469522275,110.46284700359209,362.8983249935844,252.4354779899923,315.5458739869374,0.5260135571599623,STOP,32
ETHUSDT,BASELINE_SPLIT,LONG,BASELINE,2026-06-22 12:45:00+00:00,2026-06-22 13:45:00+00:00,80,1,30000,12000.0,60000.0,1766.0951750000002,30.992923996022203,175.20316779737902,144.21024380135685,180.26360455193495,0.2582743666335183,STOP,5
ETHUSDT,BASELINE_SPLIT,SHORT,BASELINE,2026-06-23 17:00:00+00:00,2026-06-23 22:00:00+00:00,80,1,30000,12000.0,60000.0,1656.03222,-670.5502276216041,-525.9191246719977,144.63110294960637,180.78810214221005,-5.587918563513368,STOP,21
ETHUSDT,BASELINE_SPLIT,SHORT,BASELINE,2026-06-24 04:30:00+00:00,2026-06-24 04:30:00+00:00,80,1,30000,12000.0,60000.0,1656.521485,-540.613454608585,-396.1380889019028,144.47536570668228,180.59372215853273,-4.505112121738208,STOP,1
ETHUSDT,BASELINE_SPLIT,SHORT,BASELINE,2026-06-25 10:45:00+00:00,2026-06-25 12:30:00+00:00,80,1,30000,12000.0,60000.0,1633.4561350000001,21.927325964695083,165.72845182250808,143.80112585781296,179.75218465370227,0.18272771637245902,STOP,8
ETHUSDT,BASELINE_SPLIT,SHORT,BASELINE,2026-06-25 14:45:00+00:00,2026-06-26 03:45:00+00:00,80,1,27000,10800.0,54000.0,1564.21016,836.6581600469,965.1000399989014,128.44187995200133,160.55488266357685,7.746834815249073,STOP,53
ETHUSDT,BASELINE_SPLIT,SHORT,BASELINE,2026-06-26 05:00:00+00:00,2026-06-26 06:30:00+00:00,80,1,30000,12000.0,60000.0,1546.466815,-893.2493913256823,-748.3513696820638,144.89802164361845,181.1212507867607,-7.443744927714019,STOP,7
ETHUSDT,BASELINE_SPLIT,SHORT,BASELINE,2026-06-26 10:30:00+00:00,2026-06-26 13:30:00+00:00,80,1,30000,12000.0,60000.0,1549.99152,292.54532768032954,436.0221011589388,143.47677347860926,179.3473514295291,2.437877730669413,STOP,13
ETHUSDT,BASELINE_SPLIT,SHORT,BASELINE,2026-06-27 19:45:00+00:00,2026-06-27 21:00:00+00:00,90,1,30000,12000.0,60000.0,1575.0339000000001,-564.1918870637139,-419.68826115033346,144.5036259133804,180.62899450837432,-4.701599058864283,STOP,6
ETHUSDT,BASELINE_SPLIT,SHORT,BASELINE,2026-06-27 22:15:00+00:00,2026-06-27 22:30:00+00:00,90,1,30000,12000.0,60000.0,1571.2895250000001,15.532232589359914,159.34102336132634,143.80879077196641,179.76175144620277,0.12943527157799928,STOP,2
ETHUSDT,BASELINE_SPLIT,SHORT,BASELINE,2026-06-27 23:45:00+00:00,2026-06-28 05:30:00+00:00,80,1,30000,12000.0,60000.0,1572.068355,23.581250420360085,167.38039394762293,143.79914352726286,179.74971045181888,0.19651042016966738,STOP,24
ETHUSDT,BASELINE_SPLIT,SHORT,BASELINE,2026-06-28 06:45:00+00:00,2026-06-28 07:00:00+00:00,80,1,30000,12000.0,60000.0,1564.220145,-485.75173602148635,-341.34212547092125,144.4096105505651,180.51165131964103,-4.047931133512386,STOP,2
ETHUSDT,BASELINE_SPLIT,SHORT,BASELINE,2026-06-28 16:45:00+00:00,2026-06-28 17:00:00+00:00,100,1,30000,12000.0,60000.0,1564.919095,-562.6418399745479,-418.140071888282,144.50176808626594,180.6266757026964,-4.6886819997878995,STOP,2
ETHUSDT,BASELINE_SPLIT,SHORT,BASELINE,2026-06-29 00:30:00+00:00,2026-06-29 00:45:00+00:00,90,1,30000,12000.0,60000.0,1557.1208100000001,-746.0562822244826,-601.3346806077533,144.7216016167293,180.90105604525962,-6.217135685204022,STOP,2
ETHUSDT,BASELINE_SPLIT,SHORT,BASELINE,2026-06-30 00:45:00+00:00,2026-06-30 04:15:00+00:00,80,1,30000,12000.0,60000.0,1591.5291200000001,40.46397060811205,184.24287915312829,143.77890854501624,179.72445460777334,0.3371997550676004,STOP,15
ETHUSDT,BASELINE_SPLIT,SHORT,BASELINE,2026-06-30 15:15:00+00:00,2026-06-30 15:45:00+00:00,80,1,30000,12000.0,60000.0,1562.61256,-705.9546194875669,-561.2810821889402,144.6735372986267,180.84106563324974,-5.8829551623963905,STOP,3
ETHUSDT,BASELINE_SPLIT,SHORT,BASELINE,2026-06-30 22:15:00+00:00,2026-07-01 01:15:00+00:00,80,1,30000,12000.0,60000.0,1569.5421500000002,20.36609522564165,164.1690923148638,143.80299708922217,179.75452018965242,0.16971746021368042,STOP,13
ETHUSDT,BASELINE_SPLIT,SHORT,BASELINE,2026-07-01 07:45:00+00:00,2026-07-01 09:00:00+00:00,80,1,30000,12000.0,60000.0,1574.644485,-611.6386520656896,-467.0781582757587,144.5604937899309,180.69997288650123,-5.09698876721408,STOP,6
ETHUSDT,BASELINE_SPLIT,SHORT,BASELINE,2026-07-01 10:15:00+00:00,2026-07-01 13:30:00+00:00,80,1,30000,12000.0,60000.0,1571.8786400000001,-576.3018069735779,-431.7836665736894,144.51814039988844,180.6471104426098,-4.802515058113149,STOP,14
ETHUSDT,BASELINE_SPLIT,SHORT,BASELINE,2026-07-02 00:15:00+00:00,2026-07-02 01:30:00+00:00,80,1,30000,12000.0,60000.0,1603.361345,-651.9494042361995,-507.3405955215736,144.6088087146259,180.76027608756115,-5.4329117019683295,STOP,6
ETHUSDT,BASELINE_SPLIT,LONG,BASELINE,2026-07-03 00:15:00+00:00,2026-07-03 01:15:00+00:00,90,1,30000,12000.0,60000.0,1702.40979,21.581462211050976,165.78039868947835,144.19893647842736,180.24944916518723,0.1798455184254248,STOP,5
ETHUSDT,BASELINE_SPLIT,LONG,BASELINE,2026-07-03 03:00:00+00:00,2026-07-03 06:00:00+00:00,80,1,30000,12000.0,60000.0,1706.5760300000002,49.92336667727516,194.1563543024381,144.23298762516293,180.29207704042685,0.4160280556439597,STOP,13
ETHUSDT,BASELINE_SPLIT,LONG,BASELINE,2026-07-03 07:15:00+00:00,2026-07-03 08:45:00+00:00,80,1,30000,12000.0,60000.0,1717.7728000000002,31.62403302316513,175.8350350652434,144.2110020420783,180.2645537766765,0.2635336085263761,STOP,6
ETHUSDT,BASELINE_SPLIT,LONG,BASELINE,2026-07-03 10:00:00+00:00,2026-07-03 12:15:00+00:00,80,1,30000,12000.0,60000.0,1728.398715,44.48338632372177,188.70983812947713,144.22645180575535,180.28389499309299,0.3706948860310147,STOP,10
ETHUSDT,BASELINE_SPLIT,LONG,BASELINE,2026-07-03 13:30:00+00:00,2026-07-03 14:00:00+00:00,80,1,30000,12000.0,60000.0,1746.7562100000002,-594.3863072881611,-450.92742019239205,143.45888709576911,179.32299775976583,-4.953219227401343,STOP,3
ETHUSDT,BASELINE_SPLIT,LONG,BASELINE,2026-07-03 15:15:00+00:00,2026-07-03 15:30:00+00:00,90,1,30000,12000.0,60000.0,1742.3395950000001,-645.492849331768,-502.0953637682898,143.39748556347803,179.24613054357616,-5.379107077764733,STOP,2
ETHUSDT,BASELINE_SPLIT,LONG,BASELINE,2026-07-04 00:15:00+00:00,2026-07-04 01:00:00+00:00,80,1,30000,12000.0,60000.0,1763.3110050000003,-556.1354712484331,-412.63062800203556,143.50484324639757,179.38052924527463,-4.634462260403609,STOP,4
ETHUSDT,BASELINE_SPLIT,LONG,BASELINE,2026-07-05 14:00:00+00:00,2026-07-05 15:15:00+00:00,80,1,30000,12000.0,60000.0,1768.3585650000002,-1.611830679200878,142.55924040929025,144.17107108849115,180.21456510168036,-0.013431922326673985,STOP,6
ETHUSDT,BASELINE_SPLIT,LONG,BASELINE,2026-07-06 00:15:00+00:00,2026-07-06 00:15:00+00:00,90,1,30000,12000.0,60000.0,1788.508745,-636.3895326448527,-492.9811099768248,143.4084226680278,179.25982246213937,-5.3032461053737725,STOP,1
ETHUSDT,BASELINE_SPLIT,LONG,BASELINE,2026-07-07 00:30:00+00:00,2026-07-07 01:00:00+00:00,90,1,30000,12000.0,60000.0,1807.8376950000002,-630.5665839045067,-487.1511653028701,143.41541860163656,179.26858051622744,-5.254721532537556,STOP,3
ETHUSDT,BASELINE_SPLIT,LONG,BASELINE,2026-07-09 18:15:00+00:00,2026-07-09 19:00:00+00:00,80,1,30000,12000.0,60000.0,1758.2934900000002,-592.6422978158591,-449.18131539433244,143.4609824215268,179.32562085159546,-4.9386858151321595,STOP,4
ETHUSDT,BASELINE_SPLIT,LONG,BASELINE,2026-07-10 05:15:00+00:00,2026-07-10 09:00:00+00:00,80,1,30000,12000.0,60000.0,1774.207325,16.86212840030008,161.05539487414904,144.19326647384898,180.24235101223763,0.1405177366691673,STOP,16
ETHUSDT,BASELINE_SPLIT,LONG,BASELINE,2026-07-10 10:15:00+00:00,2026-07-10 10:30:00+00:00,80,1,30000,12000.0,60000.0,1792.154205,7.124608481508982,151.3061758925801,144.1815674110711,180.22770521506834,0.05937173734590818,STOP,2
ETHUSDT,BASELINE_SPLIT,LONG,BASELINE,2026-07-10 11:45:00+00:00,2026-07-10 14:00:00+00:00,80,2,30000,21000.0,105000.0,1802.5199986418345,16.61563972849769,268.9383657674186,252.3227260389209,315.40472232060563,0.0791220939452271,STOP,10
ETHUSDT,BASELINE_SPLIT,LONG,BASELINE,2026-07-10 15:30:00+00:00,2026-07-10 18:45:00+00:00,90,1,30000,12000.0,60000.0,1795.84974,-635.6926414038084,-492.28338146156227,143.4092599422461,179.26087062715456,-5.2974386783650695,STOP,14
ETHUSDT,BASELINE_SPLIT,LONG,BASELINE,2026-07-10 20:15:00+00:00,2026-07-11 15:15:00+00:00,80,2,30000,21000.0,105000.0,1798.356177278248,729.993631015986,983.1734391429575,253.17980812697152,316.477684373741,3.476160147695172,TP3_3.0R,77
ETHUSDT,BASELINE_SPLIT,LONG,BASELINE,2026-07-11 16:30:00+00:00,2026-07-11 22:15:00+00:00,80,1,30000,12000.0,60000.0,1821.6583950000002,-520.4662984910151,-376.9186008119895,143.5476976790256,179.43417775883182,-4.337219154091793,STOP,23
ETHUSDT,BASELINE_SPLIT,LONG,BASELINE,2026-07-12 04:30:00+00:00,2026-07-12 04:45:00+00:00,80,1,30000,12000.0,60000.0,1811.563275,-500.3586505494151,-356.7867947030588,143.5718558463563,179.46442083260257,-4.169655421245126,STOP,2
ETHUSDT,BASELINE_SPLIT,LONG,BASELINE,2026-07-13 00:30:00+00:00,2026-07-13 00:30:00+00:00,80,1,30000,12000.0,60000.0,1833.5462,-630.9591459676467,-487.5441990064544,143.41494696119224,179.26799008001802,-5.257992883063722,STOP,1
ETHUSDT,IMPROVED_SPLIT,LONG,BULL,2026-06-16 11:45:00+00:00,2026-06-16 13:00:00+00:00,100,1,30000,12000.0,60000.0,1798.0029650000001,182.0491639681233,326.440893039771,144.39172907164772,180.490801935877,1.5170763664010276,STOP,6
ETHUSDT,IMPROVED_SPLIT,LONG,BULL,2026-06-16 20:00:00+00:00,2026-06-17 08:15:00+00:00,90,1,30000,12000.0,60000.0,1797.3519900000001,-963.3817789473342,-820.3662184094255,143.0155605379087,178.76800707640814,-8.028181491227784,STOP,50
ETHUSDT,IMPROVED_SPLIT,LONG,BULL,2026-06-21 00:45:00+00:00,2026-06-21 04:45:00+00:00,85,1,30000,12000.0,60000.0,1739.9960850000002,-537.9146878049122,-394.387953348931,143.52673445598128,179.40793436493843,-4.482622398374268,STOP,17
ETHUSDT,IMPROVED_SPLIT,SHORT,BEAR,2026-06-28 02:30:00+00:00,2026-06-28 08:30:00+00:00,85,1,30000,12000.0,60000.0,1568.5136949999999,-639.9686815618792,-495.3742324828997,144.5944490789795,180.74235342700308,-5.333072346348993,STOP,25
ETHUSDT,IMPROVED_SPLIT,SHORT,BEAR,2026-06-30 21:15:00+00:00,2026-07-01 01:30:00+00:00,85,1,30000,12000.0,60000.0,1569.651985,-750.8240708067549,-606.0967547011136,144.72731610564134,180.90818845777912,-6.256867256722957,STOP,18
ETHUSDT,IMPROVED_SPLIT,LONG,BULL,2026-07-03 03:30:00+00:00,2026-07-04 01:00:00+00:00,85,1,30000,12000.0,60000.0,1712.90551,1075.1197237456072,1220.5844250556738,145.4647013100668,181.83403207911323,8.959331031213393,STOP,86
ETHUSDT,IMPROVED_SPLIT,LONG,BULL,2026-07-04 08:00:00+00:00,2026-07-04 13:30:00+00:00,95,1,30000,12000.0,60000.0,1760.0361000000003,84.5041131125526,228.77864748954005,144.27453437698745,180.3440884973894,0.704200942604605,STOP,23
ETHUSDT,IMPROVED_SPLIT,LONG,BULL,2026-07-04 18:45:00+00:00,2026-07-04 23:00:00+00:00,90,1,30000,12000.0,60000.0,1795.8597550000002,-812.1780072159385,-668.9807841569268,143.1972230590117,178.9954263567126,-6.76815006013282,STOP,18
ETHUSDT,IMPROVED_SPLIT,LONG,BULL,2026-07-05 16:45:00+00:00,2026-07-05 22:45:00+00:00,90,1,30000,12000.0,60000.0,1772.665015,415.44084046563523,560.1129760368794,144.67213557124427,180.84183661238313,3.4620070038802937,STOP,25
ETHUSDT,IMPROVED_SPLIT,LONG,BULL,2026-07-06 01:00:00+00:00,2026-07-06 03:15:00+00:00,85,1,30000,12000.0,60000.0,1795.0886000000003,-905.7096633807117,-762.6248131564995,143.0848502242122,178.8547492976211,-7.547580528172598,STOP,10
ETHUSDT,IMPROVED_SPLIT,LONG,BULL,2026-07-06 19:15:00+00:00,2026-07-06 22:45:00+00:00,90,1,30000,12000.0,60000.0,1797.11163,187.67872703846237,332.0772197021049,144.39849266364251,180.49926912665353,1.5639893919871866,STOP,15
ETHUSDT,IMPROVED_SPLIT,LONG,BULL,2026-07-07 18:45:00+00:00,2026-07-07 18:45:00+00:00,85,1,30000,12000.0,60000.0,1806.555775,-833.9596338083553,-690.7885801044807,143.17105370387463,178.96266552153872,-6.949663615069627,STOP,1
ETHUSDT,IMPROVED_SPLIT,LONG,BULL,2026-07-10 13:45:00+00:00,2026-07-10 14:15:00+00:00,85,1,30000,12000.0,60000.0,1803.48117,-649.5420237783964,-506.1494030620708,143.3926207163255,179.2400403493354,-5.412850198153303,STOP,3
ETHUSDT,IMPROVED_SPLIT,LONG,BULL,2026-07-15 11:45:00+00:00,2026-07-15 13:15:00+00:00,85,2,30000,21000.0,105000.0,1888.3065998474208,1433.6363297175349,1687.6615235457898,254.02519382825494,317.53600397975674,6.826839665321595,TP3_4.0R,7
ETHUSDT,IMPROVED_SPLIT,LONG,BULL,2026-07-20 01:30:00+00:00,2026-07-20 05:00:00+00:00,100,1,30000,12000.0,60000.0,1882.73988,-940.9182689226134,-797.875719786357,143.04254913625635,178.80179350398532,-7.840985574355111,STOP,14
ETHUSDT,IMPROVED_SPLIT,LONG,BULL,2026-07-20 19:00:00+00:00,2026-07-20 19:15:00+00:00,90,1,30000,12000.0,60000.0,1901.3878100000002,-620.5469450953026,-477.11948848148035,143.42745661382224,179.28365063664552,-5.1712245424608545,STOP,2
ETHUSDT,IMPROVED_FULL,LONG,BULL,2026-06-16 11:45:00+00:00,2026-06-16 14:30:00+00:00,100,1,30000,30000.0,150000.0,1798.0029650000001,-1987.9696062673406,-1629.9255168876057,358.0440893797348,447.552451385287,-6.626565354224469,STOP,11
ETHUSDT,IMPROVED_FULL,LONG,BULL,2026-06-16 20:00:00+00:00,2026-06-17 08:15:00+00:00,90,1,30000,30000.0,150000.0,1797.3519900000001,-2408.454447368336,-2050.9155460235643,357.5389013447717,446.92001769102046,-8.028181491227786,STOP,50
ETHUSDT,IMPROVED_FULL,SHORT,BEAR,2026-06-28 02:30:00+00:00,2026-06-28 08:30:00+00:00,85,1,30000,30000.0,150000.0,1568.5136949999999,-1599.921703904698,-1238.4355812072492,361.48612269744865,451.8558835675077,-5.333072346348993,STOP,25
ETHUSDT,IMPROVED_FULL,SHORT,BEAR,2026-06-30 21:15:00+00:00,2026-07-01 01:30:00+00:00,85,1,30000,30000.0,150000.0,1569.651985,-1877.0601770168873,-1515.241886752784,361.8182902641033,452.2704711444478,-6.256867256722957,STOP,18
ETHUSDT,IMPROVED_FULL,LONG,BULL,2026-07-03 03:30:00+00:00,2026-07-03 20:30:00+00:00,85,1,30000,30000.0,150000.0,1712.90551,3344.8784058397123,3709.329601361346,364.4511955216336,455.57336543371446,11.149594686132374,TP_FULL_2.5R,68
ETHUSDT,IMPROVED_FULL,LONG,BULL,2026-07-04 08:00:00+00:00,2026-07-04 15:00:00+00:00,95,1,30000,30000.0,150000.0,1760.0361000000003,1568.576642674244,1930.893715132403,362.3170724581588,452.9017041123981,5.228588808914147,TP_FULL_2.5R,29
ETHUSDT,IMPROVED_FULL,LONG,BULL,2026-07-04 18:45:00+00:00,2026-07-04 23:00:00+00:00,90,1,30000,30000.0,150000.0,1795.8597550000002,-2030.445018039846,-1672.4519603923168,357.9930576475292,447.4885658917815,-6.76815006013282,STOP,18
ETHUSDT,IMPROVED_FULL,LONG,BULL,2026-07-05 16:45:00+00:00,2026-07-05 22:15:00+00:00,90,1,30000,30000.0,150000.0,1772.665015,1819.7245238185221,2182.343335821508,362.61881200298575,453.27944515498626,6.065748412728407,TP_FULL_2.5R,23
ETHUSDT,IMPROVED_FULL,LONG,BULL,2026-07-06 01:00:00+00:00,2026-07-06 03:15:00+00:00,85,1,30000,30000.0,150000.0,1795.0886,-2264.2741584517603,-1906.5620328912298,357.71212556053047,447.1368732440527,-7.547580528172534,STOP,10
ETHUSDT,IMPROVED_FULL,LONG,BULL,2026-07-06 19:15:00+00:00,2026-07-07 02:15:00+00:00,90,1,30000,30000.0,150000.0,1797.11163,-2019.2449566581104,-1661.2384427894578,358.0065138686526,447.5054114364908,-6.7308165221937015,STOP,29
ETHUSDT,IMPROVED_FULL,LONG,BULL,2026-07-10 13:45:00+00:00,2026-07-10 14:15:00+00:00,85,1,30000,30000.0,150000.0,1803.48117,-1623.8550594459907,-1265.373507655177,358.4815517908137,448.1001008733384,-5.412850198153302,STOP,3
ETHUSDT,IMPROVED_FULL,LONG,BULL,2026-07-15 11:45:00+00:00,2026-07-15 12:45:00+00:00,85,1,30000,30000.0,150000.0,1883.5711250000002,1771.878000670083,2134.4393278635193,362.56132719343617,453.20748119711334,5.90626000223361,TP_FULL_2.5R,5
ETHUSDT,IMPROVED_FULL,LONG,BULL,2026-07-20 01:30:00+00:00,2026-07-20 05:00:00+00:00,100,1,30000,30000.0,150000.0,1882.73988,-2352.2956723065336,-1994.6892994658924,357.6063728406409,447.00448375996336,-7.840985574355113,STOP,14
ETHUSDT,IMPROVED_FULL,LONG,BULL,2026-07-20 19:00:00+00:00,2026-07-20 19:15:00+00:00,90,1,30000,30000.0,150000.0,1901.3878100000002,-1551.3673627382564,-1192.7987212037008,358.5686415345555,448.20912659161377,-5.1712245424608545,STOP,2
SOLUSDT,BASELINE_SPLIT,LONG,BASELINE,2026-06-11 20:15:00+00:00,2026-06-11 20:30:00+00:00,80,1,30000,12000.0,60000.0,66.92523750000001,-758.1387445233034,-614.8765964390303,143.26214808427318,179.0767045555805,-6.317822871027529,STOP,2
SOLUSDT,BASELINE_SPLIT,LONG,BASELINE,2026-06-11 21:45:00+00:00,2026-06-12 01:15:00+00:00,80,1,30000,12000.0,60000.0,67.0634445,-697.0884024230378,-553.7529059101299,143.33549651290784,179.16852782628843,-5.809070020191982,STOP,15
SOLUSDT,BASELINE_SPLIT,LONG,BASELINE,2026-06-13 01:30:00+00:00,2026-06-13 02:45:00+00:00,90,1,30000,12000.0,60000.0,67.2677505,-540.2968193817238,-396.77294691802547,143.52387246369835,179.40435150028884,-4.502473494847699,STOP,6
SOLUSDT,BASELINE_SPLIT,LONG,BASELINE,2026-06-14 00:15:00+00:00,2026-06-14 04:45:00+00:00,80,1,30000,12000.0,60000.0,68.8621385,-558.2981568113261,-414.79591190561285,143.50224490571327,179.37727644020504,-4.652484640094384,STOP,19
SOLUSDT,BASELINE_SPLIT,LONG,BASELINE,2026-06-15 00:15:00+00:00,2026-06-15 00:30:00+00:00,85,1,30000,12000.0,60000.0,71.75346900000001,-804.5681670266822,-661.361801188108,143.20636583857424,179.0068719996308,-6.704734725222352,STOP,2
SOLUSDT,BASELINE_SPLIT,LONG,BASELINE,2026-06-16 07:00:00+00:00,2026-06-16 08:15:00+00:00,80,1,30000,12000.0,60000.0,74.25221150000002,39.0966199896798,183.31659990957127,144.2199799198915,180.27579298274924,0.32580516658066505,STOP,6
SOLUSDT,BASELINE_SPLIT,LONG,BASELINE,2026-06-16 09:30:00+00:00,2026-06-16 11:15:00+00:00,80,1,30000,12000.0,60000.0,75.02236500000001,-656.2692960287582,-512.8847577380438,143.38453829071432,179.229922140015,-5.468910800239652,STOP,8
SOLUSDT,BASELINE_SPLIT,LONG,BASELINE,2026-06-16 12:30:00+00:00,2026-06-16 13:00:00+00:00,90,1,30000,12000.0,60000.0,75.1074925,-624.7385635129301,-481.31614288439147,143.42242062853873,179.27734619837724,-5.206154695941084,STOP,3
SOLUSDT,BASELINE_SPLIT,LONG,BASELINE,2026-06-17 02:30:00+00:00,2026-06-17 02:30:00+00:00,100,1,30000,12000.0,60000.0,74.461525,-650.2548886002567,-506.8631243494761,143.39176425078062,179.23896815911993,-5.418790738335472,STOP,1
SOLUSDT,BASELINE_SPLIT,LONG,BASELINE,2026-06-19 14:00:00+00:00,2026-06-19 14:15:00+00:00,80,1,30000,12000.0,60000.0,69.335848,-682.8897690143098,-539.5372136707147,143.35255534359513,179.18988339799955,-5.690748075119248,STOP,2
SOLUSDT,BASELINE_SPLIT,LONG,BASELINE,2026-06-20 09:15:00+00:00,2026-06-20 12:00:00+00:00,80,1,30000,12000.0,60000.0,71.436995,51.32138891039296,195.55605617780634,144.23466726741336,180.2941797472954,0.4276782409199414,STOP,12
SOLUSDT,BASELINE_SPLIT,LONG,BASELINE,2026-06-20 15:15:00+00:00,2026-06-20 16:15:00+00:00,90,1,30000,12000.0,60000.0,72.06894150000001,-711.347565039514,-568.0292000796096,143.31836495990444,179.14708121511342,-5.927896375329284,STOP,5
SOLUSDT,BASELINE_SPLIT,LONG,BASELINE,2026-06-20 18:15:00+00:00,2026-06-20 22:15:00+00:00,80,1,30000,12000.0,60000.0,71.7444555,727.3602974708608,872.4071860941738,145.046888623313,181.31098164501373,6.061335812257173,TP3_3.0R,16
SOLUSDT,BASELINE_SPLIT,LONG,BASELINE,2026-06-20 23:30:00+00:00,2026-06-21 08:30:00+00:00,80,1,30000,12000.0,60000.0,73.41095150000001,-703.4535517801962,-560.1257026233442,143.32784915685198,179.15895427088026,-5.862112931501636,STOP,37
SOLUSDT,BASELINE_SPLIT,LONG,BASELINE,2026-06-21 09:45:00+00:00,2026-06-21 10:30:00+00:00,90,1,30000,12000.0,60000.0,73.86963850000001,27.619972164566274,171.8261635608393,144.206191396273,180.25853143591047,0.23016643470471893,STOP,4
SOLUSDT,BASELINE_SPLIT,LONG,BASELINE,2026-06-21 13:00:00+00:00,2026-06-21 15:15:00+00:00,90,1,30000,12000.0,60000.0,73.71240300000001,44.76146160346461,188.98824750046515,144.22678589700055,180.28431323451454,0.37301218002887176,STOP,10
SOLUSDT,BASELINE_SPLIT,LONG,BASELINE,2026-06-21 16:30:00+00:00,2026-06-21 17:00:00+00:00,80,1,30000,12000.0,60000.0,74.092973,37.492630886394245,181.71068370684245,144.21805282044818,180.27338048970134,0.312438590719952,STOP,3
SOLUSDT,BASELINE_SPLIT,LONG,BASELINE,2026-06-21 18:30:00+00:00,2026-06-21 20:45:00+00:00,80,1,30000,12000.0,60000.0,74.21916200000001,-629.0250773563673,-485.60780672443656,143.41727063193065,179.27089903187544,-5.241875644636394,STOP,10
SOLUSDT,BASELINE_SPLIT,LONG,BASELINE,2026-06-22 01:45:00+00:00,2026-06-22 03:00:00+00:00,80,1,30000,12000.0,60000.0,74.49157,-868.9347010567261,-725.8056678581559,143.1290331985702,178.91006098308935,-7.241122508806051,STOP,6
SOLUSDT,BASELINE_SPLIT,LONG,BASELINE,2026-06-23 22:15:00+00:00,2026-06-23 22:15:00+00:00,80,1,30000,12000.0,60000.0,69.7494675,-577.2272997431326,-433.74779709965213,143.47950264348043,179.34880590661282,-4.810227497859438,STOP,1
SOLUSDT,BASELINE_SPLIT,LONG,BASELINE,2026-06-24 00:15:00+00:00,2026-06-24 02:15:00+00:00,80,1,30000,12000.0,60000.0,69.9978395,-599.4679805754138,-456.01519881399054,143.4527817614232,179.315354627128,-4.995566504795114,STOP,9
SOLUSDT,BASELINE_SPLIT,SHORT,BASELINE,2026-06-25 10:30:00+00:00,2026-06-25 11:15:00+00:00,80,1,30000,12000.0,60000.0,68.415223,39.48998366804954,183.2700595965337,143.78007592848417,179.72591165154185,0.3290831972337461,STOP,4
SOLUSDT,BASELINE_SPLIT,SHORT,BASELINE,2026-06-25 12:30:00+00:00,2026-06-25 12:30:00+00:00,90,1,30000,12000.0,60000.0,67.728255,-609.5438880062507,-464.9859049203462,144.55798308590443,180.6968392069782,-5.079532400052089,STOP,1
SOLUSDT,BASELINE_SPLIT,SHORT,BASELINE,2026-06-25 14:30:00+00:00,2026-06-25 14:30:00+00:00,90,1,26800,10720.0,53600.0,65.595459,-1120.0137786162481,-990.1855559491094,129.8282226671389,162.28341555410512,-10.447889725897836,STOP,1
SOLUSDT,BASELINE_SPLIT,SHORT,BASELINE,2026-06-26 02:15:00+00:00,2026-06-26 02:30:00+00:00,80,1,30000,12000.0,60000.0,65.99485899999999,-941.768915736312,-796.8127404477747,144.95617528853734,181.19383396813348,-7.8480742978026,STOP,2
SOLUSDT,BASELINE_SPLIT,SHORT,BASELINE,2026-06-27 11:30:00+00:00,2026-06-27 11:45:00+00:00,80,1,30000,12000.0,60000.0,71.474627,-537.3932357299075,-392.92172965432223,144.47150607558518,180.58890484562477,-4.478276964415896,STOP,2
SOLUSDT,BASELINE_SPLIT,LONG,BASELINE,2026-06-28 08:00:00+00:00,2026-06-28 10:00:00+00:00,80,1,30000,12000.0,60000.0,71.142554,152.7791794746753,297.1357423655139,144.3565628908386,180.44677817421763,1.2731598289556274,STOP,9
SOLUSDT,BASELINE_SPLIT,LONG,BASELINE,2026-06-28 11:15:00+00:00,2026-06-28 12:30:00+00:00,80,1,30000,12000.0,60000.0,71.59122599999999,44.92787405585006,189.1548598877153,144.22698583186525,180.28456352852825,0.37439895046541716,STOP,6
SOLUSDT,BASELINE_SPLIT,LONG,BASELINE,2026-06-28 13:45:00+00:00,2026-06-28 14:45:00+00:00,90,1,30000,12000.0,60000.0,72.1370435,-671.7720410706883,-528.406128424798,143.36591264589023,179.2066051084422,-5.598100342255735,STOP,5
SOLUSDT,BASELINE_SPLIT,LONG,BASELINE,2026-06-28 16:00:00+00:00,2026-06-28 16:15:00+00:00,90,1,30000,12000.0,60000.0,72.16007800000001,-684.6513223690847,-541.3008834291998,143.35043893988495,179.1872339191438,-5.705427686409039,STOP,2
SOLUSDT,BASELINE_SPLIT,LONG,BASELINE,2026-06-29 01:00:00+00:00,2026-06-29 02:00:00+00:00,80,1,30000,12000.0,60000.0,71.733439,-982.8634202885441,-839.8712658075132,142.99215448103098,178.73870555302597,-8.190528502404534,STOP,5
SOLUSDT,BASELINE_SPLIT,LONG,BASELINE,2026-06-30 18:30:00+00:00,2026-07-01 01:00:00+00:00,80,1,30000,12000.0,60000.0,73.5030895,-832.753634258085,-689.5811316160242,143.17250264206075,178.96447941510812,-6.939613618817376,STOP,27
SOLUSDT,IMPROVED_SPLIT,LONG,BULL,2026-06-16 10:15:00+00:00,2026-06-16 13:00:00+00:00,90,1,30000,12000.0,60000.0,74.89617600000001,-859.1261659378746,-715.9853483559017,143.1408175819729,178.92481359126234,-7.1593847161489546,STOP,12
SOLUSDT,IMPROVED_SPLIT,LONG,BULL,2026-06-20 19:15:00+00:00,2026-06-21 00:00:00+00:00,85,1,30000,12000.0,60000.0,71.86764000000001,971.2514680874408,1116.5913777407297,145.33990965328888,181.67780817228174,8.093762234062005,STOP,20
SOLUSDT,IMPROVED_SPLIT,LONG,BULL,2026-06-21 07:15:00+00:00,2026-06-21 08:15:00+00:00,85,1,30000,12000.0,60000.0,73.4209665,-633.5711459945965,-490.15933719923555,143.4118087953609,179.26406147982328,-5.27975954995497,STOP,5
SOLUSDT,IMPROVED_SPLIT,LONG,BULL,2026-06-21 16:30:00+00:00,2026-06-21 20:45:00+00:00,85,1,30000,12000.0,60000.0,74.092973,-786.02793534821,-642.7992945016119,143.22864084659807,179.03475758803478,-6.550232794568417,STOP,18
SOLUSDT,IMPROVED_SPLIT,LONG,BULL,2026-06-22 05:15:00+00:00,2026-06-22 14:45:00+00:00,85,1,30000,12000.0,60000.0,74.20413950000001,-1006.9661285087834,-864.002932027216,142.96319648156734,178.70245367588183,-8.391384404239862,STOP,39
SOLUSDT,IMPROVED_SPLIT,SHORT,BEAR,2026-06-26 03:30:00+00:00,2026-06-26 03:45:00+00:00,85,1,23400,9360.0,46800.0,66.6998,-1130.7728127808764,-1017.2321342198126,113.54067856106377,141.92387875776268,-12.080906119453807,STOP,2
SOLUSDT,IMPROVED_SPLIT,LONG,BULL,2026-06-28 12:45:00+00:00,2026-06-28 17:30:00+00:00,90,1,30000,12000.0,60000.0,71.90068950000001,-900.6381212182907,-757.5471778316888,143.09094338660196,178.86237719245338,-7.5053176768190895,STOP,20
SOLUSDT,IMPROVED_SPLIT,LONG,BULL,2026-07-01 00:00:00+00:00,2026-07-01 01:00:00+00:00,85,1,30000,12000.0,60000.0,73.73343450000002,-741.4527080583285,-598.1705126735368,143.28219538479175,179.10180132639022,-6.178772567152738,STOP,5
SOLUSDT,IMPROVED_SPLIT,LONG,BULL,2026-07-02 04:30:00+00:00,2026-07-02 10:45:00+00:00,90,1,30000,12000.0,60000.0,78.36837650000001,1756.76719016179,1903.05085118321,146.28366102141985,182.85926957454717,14.639726584681584,TP3_4.0R,26
SOLUSDT,IMPROVED_SPLIT,LONG,BULL,2026-07-03 02:30:00+00:00,2026-07-03 03:00:00+00:00,90,1,30000,12000.0,60000.0,81.2226515,-816.6746025560807,-673.4827818943539,143.19182066172675,178.98866321538924,-6.8056216879673395,STOP,3
SOLUSDT,IMPROVED_SPLIT,LONG,BULL,2026-07-03 11:45:00+00:00,2026-07-04 01:00:00+00:00,90,2,30000,21000.0,105000.0,81.745798477507,336.9455234001867,589.6531071287411,252.70758372855448,315.8865171248438,1.6045024923818412,STOP,54
SOLUSDT,IMPROVED_SPLIT,LONG,BULL,2026-07-04 18:30:00+00:00,2026-07-04 19:00:00+00:00,90,1,30000,12000.0,60000.0,82.3843915,-669.970739289148,-526.6026624841289,143.36807680501903,179.2093143712408,-5.5830894940762334,STOP,3
SOLUSDT,IMPROVED_SPLIT,LONG,BULL,2026-07-07 00:30:00+00:00,2026-07-07 02:00:00+00:00,85,1,30000,12000.0,60000.0,82.41643950000001,-715.6522591952436,-572.339066074533,143.31319312071057,179.14060670435356,-5.96376882662703,STOP,7
SOLUSDT,IMPROVED_SPLIT,SHORT,BEAR,2026-07-13 05:15:00+00:00,2026-07-13 08:45:00+00:00,90,1,30000,12000.0,60000.0,76.1605875,-646.8335953837967,-502.2309182818586,144.60267710193824,180.7526230512637,-5.390279961531639,STOP,15
SOLUSDT,IMPROVED_SPLIT,SHORT,BEAR,2026-07-16 16:45:00+00:00,2026-07-17 13:45:00+00:00,95,2,30000,21000.0,105000.0,75.65553396386488,1850.2659887016212,2099.746293149841,249.48030444822018,311.85580666500715,8.810790422388672,STOP,85
SOLUSDT,IMPROVED_SPLIT,LONG,BULL,2026-07-21 14:15:00+00:00,2026-07-21 14:15:00+00:00,90,1,30000,12000.0,60000.0,78.54764500000002,-624.3081188660997,-480.88518108339974,143.4229377826999,179.27799361220536,-5.2025676572174975,STOP,1
SOLUSDT,IMPROVED_FULL,LONG,BULL,2026-06-16 10:15:00+00:00,2026-06-16 13:00:00+00:00,90,1,30000,30000.0,150000.0,74.89617600000001,-2147.815414844687,-1789.9633708897545,357.85204395493224,447.3120339781559,-7.159384716148956,STOP,12
SOLUSDT,IMPROVED_FULL,LONG,BULL,2026-06-20 19:15:00+00:00,2026-06-20 22:15:00+00:00,85,1,30000,30000.0,150000.0,71.86764000000001,3487.32077048074,3851.943102203384,364.62233172264405,455.7876070474074,11.624402568269133,TP_FULL_2.5R,13
SOLUSDT,IMPROVED_FULL,LONG,BULL,2026-06-21 07:15:00+00:00,2026-06-21 08:15:00+00:00,85,1,30000,30000.0,150000.0,73.4209665,-1583.9278649864914,-1225.398342998089,358.5295219884023,448.16015369955824,-5.279759549954971,STOP,5
SOLUSDT,IMPROVED_FULL,LONG,BULL,2026-06-21 16:30:00+00:00,2026-06-21 20:45:00+00:00,85,1,30000,30000.0,150000.0,74.092973,-1965.069838370525,-1606.99823625403,358.0716021164951,447.586893970087,-6.550232794568417,STOP,18
SOLUSDT,IMPROVED_FULL,LONG,BULL,2026-06-22 05:15:00+00:00,2026-06-22 14:45:00+00:00,85,1,30000,30000.0,150000.0,74.20413950000001,-2517.4153212719584,-2160.00733006804,357.4079912039183,446.7561341897046,-8.391384404239862,STOP,39
SOLUSDT,IMPROVED_FULL,SHORT,BEAR,2026-06-26 03:30:00+00:00,2026-06-26 03:45:00+00:00,85,1,23400,23400.0,117000.0,66.6998,-2826.932031952191,-2543.080335549532,283.8516964026594,354.8096968944067,-12.08090611945381,STOP,2
SOLUSDT,IMPROVED_FULL,LONG,BULL,2026-06-28 12:45:00+00:00,2026-06-28 17:30:00+00:00,90,1,30000,30000.0,150000.0,71.90068950000001,-2251.5953030457267,-1893.867944579222,357.7273584665049,447.1559429811334,-7.505317676819089,STOP,20
SOLUSDT,IMPROVED_FULL,LONG,BULL,2026-07-01 00:00:00+00:00,2026-07-01 01:00:00+00:00,85,1,30000,30000.0,150000.0,73.73343450000002,-1853.6317701458215,-1495.426281683842,358.20548846197937,447.7545033159755,-6.1787725671527385,STOP,5
SOLUSDT,IMPROVED_FULL,LONG,BULL,2026-07-02 04:30:00+00:00,2026-07-02 10:30:00+00:00,90,1,30000,30000.0,150000.0,78.36837650000001,3858.7056923254204,4223.77422139109,365.0685290656693,456.3461916030218,12.8623523077514,TP_FULL_2.5R,25
SOLUSDT,IMPROVED_FULL,LONG,BULL,2026-07-03 02:30:00+00:00,2026-07-03 03:00:00+00:00,90,1,30000,30000.0,150000.0,81.2226515,-2041.6865063902019,-1683.706954735885,357.9795516543169,447.47165803847304,-6.8056216879673395,STOP,3
SOLUSDT,IMPROVED_FULL,LONG,BULL,2026-07-03 11:45:00+00:00,2026-07-04 04:30:00+00:00,90,1,30000,30000.0,150000.0,81.403923,3084.4242818412363,3448.5625569095278,364.13827506829136,455.18162725978414,10.28141427280412,TP_FULL_2.5R,68
SOLUSDT,IMPROVED_FULL,LONG,BULL,2026-07-04 18:30:00+00:00,2026-07-04 19:00:00+00:00,90,1,30000,30000.0,150000.0,82.3843915,-1674.92684822287,-1316.5066562103223,358.42019201254755,448.02328592810204,-5.583089494076233,STOP,3
SOLUSDT,IMPROVED_FULL,LONG,BULL,2026-07-07 00:30:00+00:00,2026-07-07 02:00:00+00:00,85,1,30000,30000.0,150000.0,82.41643950000001,-1789.1306479881089,-1430.8476651863325,358.28298280177637,447.8515167608839,-5.96376882662703,STOP,7
SOLUSDT,IMPROVED_FULL,SHORT,BEAR,2026-07-13 05:15:00+00:00,2026-07-13 08:45:00+00:00,90,1,30000,30000.0,150000.0,76.1605875,-1617.083988459492,-1255.5772957046465,361.5066927548455,451.8815576281592,-5.390279961531641,STOP,15
SOLUSDT,IMPROVED_FULL,SHORT,BEAR,2026-07-16 16:45:00+00:00,2026-07-17 13:00:00+00:00,95,1,30000,30000.0,150000.0,76.013808,3517.2520870138324,3872.6049610605596,355.35287404672727,444.20080537138347,11.724173623379441,TP_FULL_2.5R,82
SOLUSDT,IMPROVED_FULL,LONG,BULL,2026-07-21 14:15:00+00:00,2026-07-21 14:15:00+00:00,90,1,30000,30000.0,150000.0,78.54764500000002,-1560.7702971652493,-1202.2129527084994,358.5573444567498,448.19498403051347,-5.2025676572174975,STOP,1
