direction,opened_at,closed_at,signal_score,stages,planned_capital,used_capital,total_notional,average_entry,net_pnl,gross_pnl,fees,slippage,return_pct,exit_reason,bars
SHORT,2026-06-11 17:15:00+00:00,2026-06-11 17:15:00+00:00,100,1,30000,12000.0,60000.0,62346.5397,-565.2041546480716,-420.69931546950824,144.5048391785634,180.63050881838933,-4.710034622067264,STOP,1
LONG,2026-06-11 20:15:00+00:00,2026-06-12 06:15:00+00:00,80,1,30000,12000.0,60000.0,63599.055700000004,-592.4431800238999,-448.9819583739486,143.46122164995126,179.32592033635297,-4.937026500199166,STOP,41
LONG,2026-06-13 01:45:00+00:00,2026-06-13 02:30:00+00:00,100,1,30000,12000.0,60000.0,63824.893950000005,-413.78050446350164,-270.1046300195251,143.67587444397657,179.59463940749006,-3.4481708705291805,STOP,4
LONG,2026-06-14 00:15:00+00:00,2026-06-14 04:45:00+00:00,80,2,30000,21000.0,105000.0,64579.63657514647,-824.5713941169149,-573.2593052832549,251.31208883366008,314.13952802257506,-3.926530448175785,STOP,19
LONG,2026-06-15 00:45:00+00:00,2026-06-15 13:45:00+00:00,80,2,30000,21000.0,105000.0,65769.44319055103,564.5861205776969,817.5672012191599,252.981080641463,316.2289018430597,2.688505336084271,STOP,53
LONG,2026-06-15 15:00:00+00:00,2026-06-15 17:00:00+00:00,80,1,30000,12000.0,60000.0,66647.12095000001,10.699398148349871,154.88526046090294,144.18586231255307,180.2330819069627,0.08916165123624893,STOP,9
LONG,2026-06-15 18:15:00+00:00,2026-06-15 19:15:00+00:00,80,1,30000,12000.0,60000.0,66871.65725,-516.7684603011146,-373.2163198849766,143.552140416138,179.4397395228642,-4.306403835842622,STOP,5
LONG,2026-06-16 07:00:00+00:00,2026-06-16 09:00:00+00:00,80,1,30000,12000.0,60000.0,66508.6135,1.9206289029451185,146.09594403578808,144.17531513284294,180.21987812665355,0.016005240857875986,STOP,9
LONG,2026-06-16 10:15:00+00:00,2026-06-16 11:30:00+00:00,80,1,30000,12000.0,60000.0,66612.06845,-486.49608327276746,-342.907572359599,143.58851091316848,179.4852709412845,-4.054134027273062,STOP,6
LONG,2026-06-17 02:30:00+00:00,2026-06-17 02:30:00+00:00,100,1,30000,12000.0,60000.0,66168.1035,-466.64749307150845,-323.035135233789,143.61235783771946,179.5151243771154,-3.888729108929237,STOP,1
SHORT,2026-06-19 04:30:00+00:00,2026-06-19 09:15:00+00:00,80,1,30000,12000.0,60000.0,62601.65645,14.10152523752047,157.9120308005598,143.81050556303933,179.7638917246262,0.11751271031267058,STOP,20
SHORT,2026-06-19 10:30:00+00:00,2026-06-19 11:15:00+00:00,80,1,30000,12000.0,60000.0,62382.98495,-477.2470860716948,-332.847668869052,144.39941720264284,180.4989287186424,-3.977059050597457,STOP,4
SHORT,2026-06-19 12:30:00+00:00,2026-06-19 12:45:00+00:00,90,1,30000,12000.0,60000.0,62436.30485,-453.4455942193715,-309.07470457388285,144.37088964548866,180.46332268125502,-3.7787132851614293,STOP,2
SHORT,2026-06-20 13:30:00+00:00,2026-06-20 13:30:00+00:00,100,1,30000,12000.0,60000.0,63221.92465000001,-414.4224934931235,-270.09837544259244,144.3241180505311,180.40494575294133,-3.4535207791093625,STOP,1
SHORT,2026-06-21 08:15:00+00:00,2026-06-21 09:30:00+00:00,80,1,30000,12000.0,60000.0,63990.669799999996,-361.1400422647647,-216.8797865209396,144.2602557438251,180.32523743204712,-3.0095003522063726,STOP,6
SHORT,2026-06-22 19:00:00+00:00,2026-06-22 20:00:00+00:00,80,1,30000,12000.0,60000.0,64222.5215,-520.0572969384311,-375.6065690555645,144.45072788286666,180.56297100548878,-4.33381080782026,STOP,5
SHORT,2026-06-23 08:30:00+00:00,2026-06-23 08:30:00+00:00,85,1,30000,12000.0,60000.0,61915.487250000006,-597.3273178845053,-452.7839771119709,144.54334077253435,180.67856372848564,-4.977727649037544,STOP,1
SHORT,2026-06-24 08:15:00+00:00,2026-06-24 08:30:00+00:00,80,1,30000,12000.0,60000.0,62543.84330000001,-436.3432237201819,-291.99283232139624,144.3503913987857,180.43773824951955,-3.6361935310015157,STOP,2
SHORT,2026-06-25 10:45:00+00:00,2026-06-25 11:15:00+00:00,80,1,30000,12000.0,60000.0,61264.86465,-0.09947551607745098,143.72805082293502,143.82752633901248,179.78513582843908,-0.0008289626339787581,STOP,3
SHORT,2026-06-26 01:15:00+00:00,2026-06-26 03:15:00+00:00,90,2,30000,21000.0,105000.0,59352.06980428695,383.29561298910886,634.5341719827296,251.2385589936207,314.05033305715995,1.8252172047100421,STOP,9
SHORT,2026-06-26 10:45:00+00:00,2026-06-26 12:30:00+00:00,90,1,30000,12000.0,60000.0,59443.40095,-625.8229859190144,-481.24549132941917,144.5774945895953,180.72119205731624,-5.2151915493251195,STOP,8
SHORT,2026-06-26 13:45:00+00:00,2026-06-26 13:45:00+00:00,80,1,30000,12000.0,60000.0,59371.0097,-798.7990766338565,-654.0142595224296,144.7848171114269,180.97995706209934,-6.656658971948805,STOP,1
SHORT,2026-06-27 19:30:00+00:00,2026-06-27 21:15:00+00:00,100,1,30000,12000.0,60000.0,60205.1566,-446.8420585904229,-302.47908368999487,144.362974900428,180.45344406784642,-3.7236838215868575,STOP,8
SHORT,2026-06-28 00:15:00+00:00,2026-06-28 01:30:00+00:00,80,1,30000,12000.0,60000.0,60022.53095,-459.40771613471827,-315.02968051809654,144.37803561662173,180.47224176653714,-3.828397634455986,STOP,6
SHORT,2026-06-29 00:30:00+00:00,2026-06-29 00:45:00+00:00,80,1,30000,12000.0,60000.0,59098.11965000001,-651.3129003012095,-506.7048544758385,144.608045825371,180.75932390426857,-5.42760750251008,STOP,2
SHORT,2026-06-30 00:30:00+00:00,2026-06-30 04:15:00+00:00,80,2,30000,21000.0,105000.0,59685.32887412671,13.966773429893806,265.64799583489196,251.68122240499812,314.60283357061525,0.06650844490425621,STOP,16
SHORT,2026-06-30 05:30:00+00:00,2026-06-30 05:30:00+00:00,80,1,30000,12000.0,60000.0,59276.052350000005,-485.41910903854983,-341.0098971619555,144.40921187659433,180.51115372357003,-4.045159241987915,STOP,1
SHORT,2026-06-30 06:45:00+00:00,2026-06-30 08:45:00+00:00,80,1,30000,12000.0,60000.0,59458.678,6.7311581741368975,150.55049757704444,143.81933940290753,179.7749174858202,0.05609298478447415,STOP,9
SHORT,2026-06-30 10:00:00+00:00,2026-06-30 12:15:00+00:00,80,1,30000,12000.0,60000.0,59266.46675,-3.7510749219709396,140.08082808432786,143.8319030062988,179.79059846858524,-0.031258957683091164,STOP,10
SHORT,2026-06-30 14:00:00+00:00,2026-06-30 14:00:00+00:00,80,1,30000,12000.0,60000.0,58633.41775,-579.4992714558254,-434.9772986973885,144.52197275843685,180.65189371589142,-4.829160595465211,STOP,1
SHORT,2026-07-01 00:30:00+00:00,2026-07-01 00:30:00+00:00,100,1,30000,12000.0,60000.0,58284.14245,-489.79245524139577,-345.3780016394285,144.4144536019673,180.51769606677,-4.0816037936782985,STOP,1
SHORT,2026-07-03 00:30:00+00:00,2026-07-03 01:00:00+00:00,80,1,30000,12000.0,60000.0,61183.18735,-467.50936602172965,-323.12162007763646,144.38774594409315,180.48436149628577,-3.895911383514414,STOP,3
LONG,2026-07-04 00:15:00+00:00,2026-07-04 01:00:00+00:00,90,1,30000,12000.0,60000.0,62878.676750000006,-469.286453161718,-325.67726588077494,143.60918728094305,179.51115522743197,-3.9107204430143163,STOP,4
LONG,2026-07-05 08:00:00+00:00,2026-07-05 08:15:00+00:00,80,1,30000,12000.0,60000.0,63083.4835,-396.3371843216535,-252.64035274494745,143.69683157670607,179.62087517705845,-3.302809869347113,STOP,2
LONG,2026-07-06 00:15:00+00:00,2026-07-06 00:30:00+00:00,80,1,30000,12000.0,60000.0,63653.73760000001,-505.4807633239727,-361.91506139764994,143.56570192632282,179.45671687663202,-4.21233969436644,STOP,2
LONG,2026-07-07 00:15:00+00:00,2026-07-07 01:30:00+00:00,80,1,30000,12000.0,60000.0,64095.89985,-523.1620883799394,-379.6176295353819,143.54445884455754,179.4301231338012,-4.359684069832828,STOP,6
LONG,2026-07-09 01:15:00+00:00,2026-07-09 01:30:00+00:00,80,1,30000,12000.0,60000.0,62466.65965,-496.96239244785005,-353.3864561952844,143.57593625256567,179.4695290026192,-4.14135327039875,STOP,2
LONG,2026-07-10 01:30:00+00:00,2026-07-10 02:00:00+00:00,90,1,30000,12000.0,60000.0,63462.15065,1.2581924586908286,145.4327117127461,144.17451925405527,180.2188817836551,0.010484937155756905,STOP,3
LONG,2026-07-10 03:30:00+00:00,2026-07-10 08:30:00+00:00,80,2,30000,21000.0,105000.0,64011.39679660034,11.833582907220368,264.1505635835206,252.3169806763002,315.39752982858255,0.056350394796287465,STOP,21
LONG,2026-07-10 09:45:00+00:00,2026-07-10 10:00:00+00:00,100,1,30000,12000.0,60000.0,64514.52685,-458.3732600626284,-314.7509612160877,143.62229884654067,179.5275693055427,-3.81977716718857,STOP,2
LONG,2026-07-10 11:15:00+00:00,2026-07-10 12:45:00+00:00,80,1,30000,12000.0,60000.0,64505.91395000001,-437.0598931604201,-293.41198754547463,143.64790561494544,179.55962585087164,-3.642165776336834,STOP,7
LONG,2026-07-11 00:30:00+00:00,2026-07-11 01:30:00+00:00,80,1,30000,12000.0,60000.0,64172.314300000005,-402.6644973217049,-258.97526764287636,143.68922967882855,179.61135852973922,-3.355537477680874,STOP,5
LONG,2026-07-12 04:15:00+00:00,2026-07-12 04:15:00+00:00,80,1,30000,12000.0,60000.0,64246.32515000001,-385.4728719984767,-241.76298758357697,143.7098844148997,179.63721573564294,-3.212273933320639,STOP,1
